[
	{
		"name": "Circus Maximus",
		"cost": 125,
		"happiness": 5,
		"specialistSlots": {"Entertainer": 2},
		"culture": 1,
		"isNationalWonder": true,
		"uniques": ["Requires a [Colosseum] in all cities", "Cost increases by [30] per owned city"],
		"requiredTech": "Horseback Riding"
	},
	{
		"name": "Terracotta Army",
		"isWonder": true,
		"greatPersonPoints": {"Great Artist": 1},
		"requiredTech": "Construction",
		"uniques": ["[2] free [Spearman] units appear", "[2] free [Composite Bowman] units appear"]
		"quote": "'Regard your soldiers as your children, and they will follow you into the deepest valleys; look on them as your own beloved sons, and they will stand by you even unto death.' - Sun Tzu"
	},
	{
		"name": "Arsenal",
		"cost": 300,
		"cityStrength": 9,
		"cityHealth": 25,
		"hurryCostModifier": 25,
		"requiredBuilding": "Castle",
		"requiredTech": "Metallurgy",
		"uniques": ["Destroyed when the city is captured", "[2] free [Militiaman] units appear"]
	},
	{
		"name": "Theatre",
                "cost": 150
		"happiness": 3,
		"hurryCostModifier": 10,
		"specialistSlots": {"Entertainer": 1},
		"maintenance": 2,
		"requiredBuilding": "Colosseum",
		"requiredTech": "Printing Press"
	},
	{
		"name": "Stadium",
                "cost": 150
		"happiness": 4,
		"specialistSlots": {"Entertainer": 1},
		"requiredBuilding": "Theatre",
		"maintenance": 2,
		"requiredTech": "Refrigeration"
	}
]
