[

	//Civilians
	{
		"name": "Worker",
		"unitType": "Civilian",
		"movement": 2,
		"uniques": ["Can build [Land] improvements on tiles"],
		"cost": 70
	},
	{
		"name": "Settler",
		"unitType": "Civilian",
		"movement": 2,
		"cost": 106,
		"uniques": ["Founds a new city", "Excess Food converted to Production when under construction",
			"Requires at least [2] population"],
		"hurryCostModifier": 20
	},
	{
		"name": "Work Boats",
		"unitType": "Civilian Water",
		"movement": 4,
		"cost": 30,
		"requiredTech": "Sailing",
		"uniques": ["Cannot enter ocean tiles <before discovering [Astronomy]>", "May create improvements on water resources", "Uncapturable"]
	},
	{
		"name": "Medic",
		"unitType": "Civilian",
		"movement": 2,
		"uniques": ["All adjacent units heal [10] extra HP when healing"],
		"cost": 275,
		"requiredTech": "Biology",
		"upgradesTo": "Supply Truck",
		"obsoleteTech": "Pharmaceuticals"
	},
	{
		"name": "Supply Truck",
		"unitType": "Civilian",
		"movement": 3,
		"uniques": ["All adjacent units heal [25] extra HP when healing", "Transfer Movement to [Military]"],
		"cost": 450,
		"requiredTech": "Pharmaceuticals"
	},
	{
		"name": "Field Commander",
		"unitType": "Civilian",
		"movement": 2,
		"cost": 400,
		"requiredTech": "Military Science",
		"uniques": ["[+10]% Strength bonus for [Military] units within [1] tiles", "Uncapturable", "Only available <if [Military Academy] is constructed>", "[+1] Movement <after discovering [Combined Arms]>", "[+1] Movement <after discovering [Mobile Tactics]>"]
	},

	//Melee
	{
		"name": "Warrior",
		"unitType": "Sword",
		"movement": 2,
		"strength": 8,
		"cost": 40,
		"obsoleteTech": "Metal Casting",
		"upgradesTo": "Swordsman",
		"uniques" : ["May upgrade to [Spearman] through ruins-like effects", "Infantry"],
		"attackSound": "nonmetalhit",
        "civilopediaText": [
			{"text": "This is your basic, club-swinging fighter."}
		]
	},
	{
		"name": "Maori Warrior",
		"unitType": "Sword",
		"uniqueTo": "Polynesia",
		"replaces": "Warrior",
		"movement": 2,
		"strength": 8,
		"cost": 40,
		"obsoleteTech": "Metal Casting",
		"promotions": ["Haka War Dance"],
		"upgradesTo": "Swordsman",
		"uniques": ["Infantry"],
		"attackSound": "nonmetalhit"
	},
	{
		"name": "Jaguar",
		"unitType": "Sword",
		"uniqueTo": "Aztecs",
		"replaces": "Warrior",
		"movement": 2,
		"strength": 8,
		"cost": 40,
		"obsoleteTech": "Metal Casting",
		"promotions": ["[Jaguar] ability","Woodsman"],
		"upgradesTo": "Swordsman",
		"uniques": ["Infantry"],
		"attackSound": "nonmetalhit"
	},
	{
		"name": "Brute",
		"unitType": "Sword",
		"uniqueTo": "Barbarians",
		"replaces": "Warrior",
		"movement": 2,
		"strength": 8,
		"cost": 20,
		"obsoleteTech": "Metal Casting",
		"upgradesTo": "Swordsman",
		"attackSound": "nonmetalhit"
	},
	{
		"name": "Swordsman",
		"unitType": "Sword",
		"movement": 2,
		"strength": 14,
		"cost": 75,
		"requiredTech": "Iron Working",
		"upgradesTo": "Longswordsman",
		"uniques": ["Infantry", "[+15]% Strength <vs [Anti Cavalry] units>"],
		"obsoleteTech": "Steel",
		"requiredResource": "Iron",
		"hurryCostModifier": 20,
		"attackSound": "metalhit"
	},
	{
		"name": "Legion",
		"unitType": "Sword",
		"uniqueTo": "Rome",
		"replaces": "Swordsman",
		"movement": 2,
		"strength": 17,
		"cost": 75,
		"requiredTech": "Iron Working",
		"upgradesTo": "Longswordsman",
		"obsoleteTech": "Gunpowder",
		"requiredResource": "Iron",
		"uniques": ["Can build [Road] improvements on tiles", "Can build [Fort] improvements on tiles", "Infantry"],
		"hurryCostModifier": 20,
		"attackSound": "metalhit"
	},
	{
		"name": "Mohawk Warrior",
		"unitType": "Sword",
		"uniqueTo": "Iroquois",
		"replaces": "Swordsman",
		"movement": 2,
		"strength": 14,
		"cost": 75,
		"requiredTech": "Iron Working",
		"upgradesTo": "Longswordsman",
		"uniques": ["Infantry"],
		"obsoleteTech": "Gunpowder",
		"hurryCostModifier": 20,
		"promotions": ["[Mohawk Warrior] ability"],
		"attackSound": "metalhit"
	},

	{
		"name": "Longswordsman",
		"unitType": "Sword",
		"movement": 2,
		"strength": 21,
		"cost": 120,
		"requiredTech": "Steel",
		"upgradesTo": "Musketman",
		"uniques": ["Infantry"],
		"obsoleteTech": "Gunpowder",
		"requiredResource": "Iron",
		"attackSound": "metalhit"
	},
	{
		"name": "Samurai",
		"unitType": "Sword",
		"replaces": "Longswordsman",
		"uniqueTo": "Japan",
		"movement": 2,
		"strength": 21,
		"cost": 120,
		"requiredTech": "Steel",
		"upgradesTo": "Musketman",
		"obsoleteTech": "Gunpowder",
		"requiredResource": "Iron",
		"promotions": ["[Samurai] ability", "Great Generals II"],
		"uniques": ["Infantry"],
		"attackSound": "metalhit"
		//Samurai should also create Fishing Boats (not now, surely)
	},
	{
		"name": "Berserker",
		"unitType": "Sword",
		"replaces": "Longswordsman",
		"uniqueTo": "Denmark",
		"movement": 3,
		"strength": 21,
		"cost": 120,
		"requiredTech": "Metal Casting",
		"upgradesTo": "Musketman",
		"obsoleteTech": "Metallurgy",
		"requiredResource": "Iron",
		"promotions": ["[Berserker] ability"],
		"uniques": ["Infantry"],
		"hurryCostModifier": 20,
		"attackSound": "metalhit"
		//Danish unique unit. Can attack from the sea without any penalty, and moves faster.
	},
	{
		"name": "Musketman",
		"unitType": "Gunpowder",
		"movement": 2,
		"strength": 26,
		"cost": 150,
		"requiredTech": "Gunpowder",
		"upgradesTo": "Rifleman",
		"obsoleteTech": "Rifling",
		"uniques": ["Infantry"],
		"attackSound": "shot"
	},
	{
		"name": "Musketeer",
		"unitType": "Gunpowder",
		"replaces": "Musketman",
		"uniqueTo": "France",
		"movement": 2,
		"strength": 28,
		"cost": 150,
		"requiredTech": "Gunpowder",
		"upgradesTo": "Rifleman",
		"obsoleteTech": "Rifling",
		"uniques": ["Infantry"],
		"attackSound": "shot"
	},
	{
		"name": "Janissary",
		"unitType": "Gunpowder",
		"replaces": "Musketman",
		"uniqueTo": "The Ottomans",
		"movement": 2,
		"strength": 26,
		"cost": 150,
		"requiredTech": "Gunpowder",
		"upgradesTo": "Rifleman",
		"obsoleteTech": "Rifling",
		"promotions": ["[Janissary] ability"],
		"uniques": ["Infantry"],
		"attackSound": "shot"
	},
	{
		"name": "Rifleman",
		"unitType": "Gunpowder",
		"movement": 2,
		"strength": 34,
		"cost": 225,
		"requiredTech": "Rifling",
		"obsoleteTech": "Replaceable Parts",
		"upgradesTo": "Great War Infantry",
		"uniques": ["Infantry"],
		"attackSound": "shot"
	},
        {
                "name": "Redcoat",
                "unitType": "Gunpowder",
		"replaces": "Rifleman",
		"uniqueTo": "England",
                "movement": 2,
                "strength": 36,
                "cost": 225,
                "requiredTech": "Rifling",
                "obsoleteTech": "Replaceable Parts",
                "upgradesTo": "Great War Infantry",
                "promotions": ["Amphibious"],
                "uniques": ["Infantry", "[+33]% Strength <on foreign continents>"],
                "attackSound": "shot"
        },
        {
		"name": "Norwegian Ski Infantry",
		"unitType": "Gunpowder",
		"replaces": "Rifleman",
		"uniqueTo": "Denmark",
		"movement": 2,
		"strength": 34,
		"cost": 225,
		"requiredTech": "Rifling",
		"obsoleteTech": "Replaceable Parts",
		"upgradesTo": "Great War Infantry",
		"promotions": ["[Norwegian Ski Infantry] ability"],
		"uniques": ["Infantry"],
		"attackSound": "shot"
	},
	{
		"name": "Carolean",
		"unitType": "Gunpowder",
		"replaces": "Rifleman",
		"uniqueTo": "Sweden",
		"movement": 2,
		"strength": 34,
		"cost": 225,
		"requiredTech": "Rifling",
		"obsoleteTech": "Replaceable Parts",
		"upgradesTo": "Great War Infantry",
		"promotions": ["[Carolean] ability"],
		"uniques": ["Infantry"],
		"attackSound": "shot"
	},
	{
		"name": "Mehal Sefari",
		"unitType": "Gunpowder",
		"replaces": "Rifleman",
		"uniqueTo": "Ethiopia",
		"movement": 2,
		"strength": 34,
		"cost": 200,
		"requiredTech": "Rifling",
		"obsoleteTech": "Replaceable Parts",
		"upgradesTo": "Great War Infantry",
		"promotions": ["Home Sweet Home"],
		"uniques": ["Infantry"],
		"attackSound": "shot"
	},
	{
		"name": "Great War Infantry",
		"unitType": "Gunpowder",
		"movement": 2,
		"strength": 50,
		"cost": 320,
		"requiredTech": "Replaceable Parts",
		"upgradesTo": "Infantry",
		"obsoleteTech": "Pharmaceuticals",
		"uniques": ["Infantry"],
		"attackSound": "shot"
	},
        {
                "name": "Sturmtruppen",
                "unitType": "Gunpowder",
                "replaces": "Great War Infantry",
                "uniqueTo": "Germany",
                "movement": 2,
                "strength": 50,
                "cost": 320,
                "requiredTech": "Replaceable Parts",
		"upgradesTo": "Infantry",
		"obsoleteTech": "Pharmaceuticals",
                "promotions": ["Charge"],
                "uniques": ["[+25]% Strength <when attacking>", "Infantry"],
                "attackSound": "shot"             
        },  
	{
		"name": "Foreign Legion",
		"unitType": "Gunpowder",
		"replaces": "Great War Infantry",
		"uniqueTo": "France",
		"movement": 2,
		"strength": 50,
		"cost": 320,
		"requiredTech": "Replaceable Parts",
		"upgradesTo": "Infantry",
		"obsoleteTech": "Pharmaceuticals",
		"uniques": ["[+20]% Strength <when fighting in [Foreign Land] tiles>", "Infantry"],
		"attackSound": "shot"
	},
	{
		"name": "Infantry",
		"unitType": "Gunpowder",
		"movement": 2,
		"strength": 70,
		"cost": 375,
		"requiredTech": "Pharmaceuticals",
		"upgradesTo": "Modern Infantry",
		"obsoleteTech": "Telecommunications",
		"uniques": ["Infantry"],
		"attackSound": "shot"
	},
	{
		"name": "Modern Infantry",
		"unitType": "Gunpowder",
		"movement": 2,
		"strength": 80,
		"cost": 425,
		"requiredTech": "Telecommunications",
		"uniques": ["Infantry"],
		"attackSound": "machinegun"
	},

	//anticav
	{
		"name": "Spearman",
		"unitType": "Sword",
		"movement": 2,
		"strength": 9,
		"cost": 56,
		"requiredTech": "Bronze Working",
		"obsoleteTech": "Iron Working",
		"upgradesTo": "Heavy Infantry",
		"uniques": ["[+35]% Strength <vs [Mounted] units>", "[+35]% Strength <vs [Mounted Ranged] units>"],
		"attackSound": "metalhit"
	},
	{
		"name": "Pictish Warrior",
		"unitType": "Sword",
		"replaces": "Spearman",
		"uniqueTo": "Celts",
		"movement": 2,
		"strength": 11,
		"cost": 56,
		"requiredTech": "Bronze Working",
		"obsoleteTech": "Iron Working",
		"upgradesTo": "Heavy Infantry",
		"uniques": ["Earn [50]% of killed [Military] unit's [Strength] as [Faith]", "[+15]% Strength <vs [Mounted] units>", "[+15]% Strength <vs [Mounted Ranged] units>"],
		"promotions": ["Pictish Courage"],
		"attackSound": "metalhit"
	},
	{
		"name": "Marauder",
		"unitType": "Sword",
		"replaces": "Spearman",
		"uniqueTo": "Barbarians",
		"movement": 2,
		"strength": 10,
		"cost": 56,
		"requiredTech": "Bronze Working",
		"obsoleteTech": "Civil Service",
		"upgradesTo": "Pikeman",
		"uniques": ["[+30]% Strength <vs [Mounted] units>", "[+30]% Strength <vs [Mounted Ranged] units>"],
		"attackSound": "metalhit"
	},
	{
		"name": "Heavy Infantry",
		"unitType": "Sword",
		"movement": 2,
		"strength": 12,
		"cost": 70,
		"requiredTech": "Iron Working",
		"obsoleteTech": "Civil Service",
		"upgradesTo": "Pikeman",
		"uniques": ["[+35]% Strength <vs [Mounted] units>", "[+35]% Strength <vs [Mounted Ranged] units>", "Never appears as a Barbarian unit"],
		"attackSound": "metalhit"
	},
	{
		"name": "Hoplite",
		"unitType": "Sword",
		"replaces": "Spearman",
		"uniqueTo": "Greece",
		"movement": 2,
		"strength": 13,
		"cost": 70,
		"requiredTech": "Iron Working",
		"obsoleteTech": "Civil Service",
		"upgradesTo": "Pikeman",
		"uniques": ["[+35]% Strength <vs [Mounted] units>", "[+35]% Strength <vs [Mounted Ranged] units>"],
		"attackSound": "metalhit"
	},
	{
		"name": "Persian Immortal",
		"unitType": "Sword",
		"replaces": "Spearman",
		"uniqueTo": "Persia",
		"movement": 2,
		"strength": 12,
		"cost": 70,
		"requiredTech": "Iron Working",
		"obsoleteTech": "Civil Service",
		"upgradesTo": "Pikeman",
		"uniques": ["[+35]% Strength <vs [Mounted] units>", "[+35]% Strength <vs [Mounted Ranged] units>"],
		"promotions":["[Persian Immortal] ability"],
		"attackSound": "metalhit"
	},
	{
		"name": "Pikeman",
		"unitType": "Sword",
		"movement": 2,
		"strength": 16,
		"cost": 90,
		"requiredTech": "Civil Service",
		"uniques": ["[+50]% Strength <vs [Mounted] units>", "[+50]% Strength <vs [Mounted Ranged] units>"],
		"upgradesTo": "Pike and Shot",
		"obsoleteTech": "Gunpowder",
		"attackSound": "metalhit" 
	},
	{
		"name": "Landsknecht",
		"unitType": "Sword",
		"replaces": "Pikeman",
		"uniqueTo": "Germany",
		"movement": 2,
		"strength": 16,
		"cost": 45,
		"requiredTech": "Civil Service",
		"uniques": ["[+50]% Strength <vs [Mounted] units>", "[+50]% Strength <vs [Mounted Ranged] units>", "Can move immediately once bought"],
		"upgradesTo": "Pike and Shot",
		"obsoleteTech": "Gunpowder",
		"attackSound": "metalhit"
		//"Requires [Mercenary Army]" in BNW
	},
	{
		"name": "Pike and Shot",
		"unitType": "Gunpowder",
		"movement": 2,
		"strength": 20,
		"cost": 160,
		"requiredTech": "Gunpowder",
		"upgradesTo": "Line Infantry",
		"obsoleteTech": "Rifling",
		"uniques": ["[+50]% Strength <vs [Mounted] units>", "[+50]% Strength <vs [Mounted Ranged] units>"],
		"attackSound": "shot"
	},
	{
		"name": "Tercio",
		"unitType": "Gunpowder",
		"replaces": "Pike and Shot",
		"uniqueTo": "Spain",
		"movement": 2,
		"strength": 27,
		"cost": 160,
		"requiredTech": "Gunpowder",
		"upgradesTo": "Line Infantry",
		"obsoleteTech": "Rifling",
		"uniques": ["[+50]% Strength <vs [Mounted] units>", "[+50]% Strength <vs [Mounted Ranged] units>"],
		"attackSound": "shot"
	},
	{
		"name": "Line Infantry",
		"unitType": "Gunpowder",
		"movement": 2,
		"strength": 34,
		"cost": 225,
		"requiredTech": "Rifling",
		"obsoleteTech": "Railroads",
		"upgradesTo": "Anti-Tank Rifle",
		"uniques": ["[+50]% Strength <vs [Mounted] units>", "[+50]% Strength <vs [Mounted Ranged] units>", "Never appears as a Barbarian unit"],
		"attackSound": "shot"
	},
        {
                "name": "Imperial Guard",
                "unitType": "Gunpowder",
                "replaces": "Line Infantry",
                "uniqueTo": "France",
                "movement": 2,
                "strength": 34,
                "cost": 225,
                "requiredTech": "Rifling",
                "obsoleteTech": "Railroads",
                "upgradesTo": "Anti-Tank Rifle",
                "promotions": ["Home Sweet Home"],
                "uniques": ["[+15]% Strength <when fighting in [Friendly Land] tiles>", "[+50]% Strength <vs [Mounted] units>", "[+50]% Strength <vs [Mounted Ranged] units>", "Never appears as a Barbarian unit"],
                "attackSound": "shot"
        },
        {
                "name": "Anti-Tank Rifle",
                "unitType": "Gunpowder",
                "movement": 2,
                "strength": 37,
                "cost": 255,
                "requiredTech": "Railroads",
                "obsoleteTech": "Ballistics",
		"upgradesTo": "Anti-Tank Gun",
                "uniques": ["Never appears as a Barbarian unit", "[+50]% Strength <vs [Armored] units>"],
                "attackSound": "shot"
        },
	{
		"name": "Anti-Tank Gun",
		"unitType": "Gunpowder",
		"movement": 2,
		"strength": 40,
		"cost": 300,
		"requiredTech": "Ballistics",
		"upgradesTo": "Bazooka",
		"obsoleteTech": "Rocketry",
		"uniques": ["Never appears as a Barbarian unit", "[+50]% Strength <vs [Armored] units>"],
		"attackSound": "tankshot"
	},
	{
		"name": "Bazooka",
		"unitType": "Gunpowder",
		"movement": 2,
		"strength": 60,
		"cost": 375,
		"requiredTech": "Rocketry",
		"upgradesTo": "Modern AT Missile",
		"uniques": ["Never appears as a Barbarian unit", "[+50]% Strength <vs [Armored] units>"],
		"attackSound": "missile"
	},
	{
		"name": "Modern AT Missile",
		"unitType": "Gunpowder",
		"movement": 2,
		"strength": 70,
		"cost": 425,
		"requiredTech": "Lasers",
		"uniques": ["Never appears as a Barbarian unit", "[+50]% Strength <vs [Armored] units>"],
		"attackSound": "missile"
	},
        {
                "name": "AT-4",
                "unitType": "Gunpowder",
                "replaces": "Modern AT Missile",
                "uniqueTo": "Sweden",
                "movement": 2,
                "strength": 75,
                "cost": 405,
                "requiredTech": "Lasers",
                "uniques": ["Never appears as a Barbarian unit", "[+50]% Strength <vs [Armored] units>"],
                "attackSound": "missile"
        },

	//rangedA
	{
		"name": "Stoneslinger",
		"unitType": "Archery",
		"movement": 2,
		"strength": 6,
		"rangedStrength": 6,
		"range": 1,
		"cost": 40,
		"obsoleteTech": "Construction",
		"upgradesTo": "Javelineer",
		"attackSound": "arrow"
	},
	{
		"name": "Slinger",
		"unitType": "Archery",
		"uniqueTo": "Inca",
		"replaces": "Stoneslinger",
		"movement": 2,
		"strength": 6,
		"rangedStrength": 7,
		"range": 1,
		"cost": 40,
		"obsoleteTech": "Construction",
		"upgradesTo": "Javelineer",
		"promotions": ["Slinger Withdraw"],
		"attackSound": "arrow"
	},
	{
		"name": "Javelineer",
		"unitType": "Archery",
		"movement": 2,
		"strength": 8,
		"rangedStrength": 9,
		"range": 1,
		"cost": 75,
		"requiredTech": "Construction",
		"obsoleteTech": "Civil Service",
		"upgradesTo": "Skirmisher",
		"attackSound": "arrow"
	},
	{
		"name": "Skirmisher",
		"unitType": "Archery",
		"movement": 2,
		"strength": 16,
		"rangedStrength": 16,
		"range": 1,
		"cost": 120,
		"requiredTech": "Civil Service",
		"upgradesTo": "Arquebusier",
		"obsoleteTech": "Chemistry",
		"attackSound": "arrow"
	},
	{
		"name": "Arquebusier",
		"unitType": "Ranged Gunpowder",
		"movement": 2,
		"strength": 19,
		"rangedStrength": 19,
		"range": 1,
		"cost": 185,
		"requiredTech": "Gunpowder",
		"upgradesTo": "Gatling Gun",
		"obsoleteTech": "Industrialization",
		"attackSound": "arrow"
	},
	{
		"name": "Gatling Gun",
		"unitType": "Ranged Gunpowder",
		"range": 1,
		"movement": 2,
		"strength": 30,
		"rangedStrength": 30,
		"cost": 225,
		"requiredTech": "Industrialization",
		"upgradesTo": "Machine Gun",
		"obsoleteTech": "Ballistics",
		"attackSound": "machinegun"
	},
	{
		"name": "Machine Gun",
		"unitType": "Ranged Gunpowder",
		"range": 1,
		"movement": 2,
		"strength": 60,
		"rangedStrength": 60,
		"cost": 350,
		"requiredTech": "Ballistics",
		"obsoleteTech": "Rocketry",
		"upgradesTo": "Heavy Weapons",
		"attackSound": "machinegun"
		// Upgrades to Bazooka in BNW
	},
	{
		"name": "Heavy Weapons",
		"unitType": "Ranged Gunpowder",
		"range": 1,
		"movement": 2,
		"strength": 70,
		"rangedStrength": 70,
		"cost": 375,
		"requiredTech": "Rocketry",
		"obsoleteTech": "Lasers",
		"upgradesTo": "Modern Heavy Weapons",
		"attackSound": "machinegun"
	},
	{
		"name": "Modern Heavy Weapons",
		"unitType": "Ranged Gunpowder",
		"movement": 2,
		"strength": 80,
		"rangedStrength": 90,
		"range": 1,
		"cost": 425,
		"requiredTech": "Lasers",
		"attackSound": "missile"
	},

	//rangedB
	{
		"name": "Archer",
		"unitType": "Archery",
		"movement": 2,
		"strength": 5,
		"rangedStrength": 7,
		"cost": 40,
		"requiredTech": "Archery",
		"obsoleteTech": "Construction",
		"uniques": ["[-10]% Strength <vs [Infantry] units>"]
		"upgradesTo": "Composite Bowman",
		"attackSound": "arrow"
	},
	{
		"name": "Bowman",
		"unitType": "Archery",
		"movement": 2,
		"strength": 7,
		"rangedStrength": 9,
		"cost": 40,
		"requiredTech": "Archery",
		"obsoleteTech": "Construction",
		"uniques": ["[-10]% Strength <vs [Infantry] units>"]
		"replaces": "Archer",
		"uniqueTo": "Babylon",
		"upgradesTo": "Composite Bowman",
		"attackSound": "arrow"
	},
	{
		"name": "Atlatlist",
		"unitType": "Archery",
		"movement": 2,
		"strength": 5,
		"rangedStrength": 7,
		"cost": 36,
		"requiredTech": "Agriculture",
		"obsoleteTech": "Construction",
		"uniques": ["[-10]% Strength <vs [Infantry] units>"]
		"replaces": "Archer",
		"uniqueTo": "The Maya",
		"upgradesTo": "Composite Bowman",
		"attackSound": "arrow"
	},
	{
		"name": "Spear Thrower",
		"unitType": "Archery",
		"uniqueTo": "Barbarians",
		"replaces": "Archer",
		"movement": 2,
		"strength": 4,
		"rangedStrength": 6,
		"range": 2,
		"cost": 40,
		"requiredTech": "Archery",
		"obsoleteTech": "Civil Service",
		"uniques": ["[-20]% Strength <vs [Infantry] units>"]
		"upgradesTo": "Skirmisher",
		"attackSound": "arrow"
	},
	{
		"name": "Composite Bowman",
		"unitType": "Archery",
		"movement": 2,
		"strength": 7,
		"rangedStrength": 11,
		"cost": 75,
		"requiredTech": "Construction",
		"obsoleteTech": "Machinery",
		"uniques": ["[-10]% Strength <vs [Infantry] units>"]
		"upgradesTo": "Crossbowman",
		"attackSound": "arrow"
	},
	{
		"name": "Crossbowman",
		"unitType": "Archery",
		"movement": 2,
		"strength": 12,
		"rangedStrength": 18,
		"cost": 120,
		"requiredTech": "Machinery",
		"upgradesTo": "Cannon",
		"obsoleteTech": "Chemistry",
		"uniques": ["[-10]% Strength <vs [Infantry] units>"]
		"attackSound": "arrow"
	},
	{
		"name": "Chu-Ko-Nu",
		"unitType": "Archery",
		"uniqueTo": "China",
		"movement": 2,
		"strength": 13,
		"rangedStrength": 14,
		"replaces": "Crossbowman",
		"cost": 120,
		"requiredTech": "Machinery",
		"upgradesTo": "Cannon",
		"obsoleteTech": "Chemistry",
		"promotions": ["[Chu-Ko-Nu] ability"],
		"uniques": ["[-10]% Strength <vs [Infantry] units>"]
		"attackSound": "arrow"
	},
	{
		"name": "Longbowman",
		"unitType": "Archery",
		"range": 2,
		"movement": 2,
		"strength": 13,
		"rangedStrength": 18,
		"replaces": "Crossbowman",
		"uniqueTo": "England",
		"cost": 120,
		"requiredTech": "Machinery",
		"upgradesTo": "Cannon",
		"obsoleteTech": "Chemistry",
		"promotions": ["[Longbowman] ability"],
		"uniques": ["[-10]% Strength <vs [Infantry] units>"]
		"attackSound": "arrow"
	},
	{
		"name": "Cannon",
		"unitType": "Ranged Gunpowder",
		"movement": 2,
		"strength": 16,
		"rangedStrength": 22,
		"cost": 185,
		"requiredTech": "Gunpowder",
		"upgradesTo": "Field Cannon",
		"obsoleteTech": "Industrialization",
		"uniques": ["Never appears as a Barbarian unit", "[-10]% Strength <vs [Infantry] units>"],
		"attackSound": "cannon"
	},
	{
		"name": "Field Cannon",
		"unitType": "Ranged Gunpowder",
		"movement": 2,
		"strength": 28,
		"rangedStrength": 32,
		"cost": 225,
		"requiredTech": "Industrialization",
		"upgradesTo": "Field Gun",
		"obsoleteTech": "Ballistics",
		"uniques": ["Never appears as a Barbarian unit", "[-10]% Strength <vs [Infantry] units>"],
		"attackSound": "cannon"
	},
	{
		"name": "Field Gun",
		"unitType": "Ranged Gunpowder",
		"movement": 2,
		"strength": 40,
		"rangedStrength": 55,
		"cost": 350,
		"requiredTech": "Ballistics",
		"obsoleteTech": "Combined Arms",
		"upgradesTo": "Field Howitzer",
		"uniques": ["[-10]% Strength <vs [Infantry] units>"]
		"attackSound": "artilllery"
	},
	{
		"name": "Field Howitzer",
		"unitType": "Ranged Gunpowder",
		"movement": 2,
		"strength": 50,
		"rangedStrength": 80,
		"cost": 375,
		"requiredTech": "Combined Arms",
		"obsoleteTech": "Robotics",
		"upgradesTo": "Field Artillery",
		"uniques": ["Never appears as a Barbarian unit", "[-10]% Strength <vs [Infantry] units>"],
		"attackSound": "artillery"
	},
	{
		"name": "Field Artillery",
		"unitType": "Ranged Gunpowder",
		"movement": 2,
		"strength": 60,
		"rangedStrength": 90,
		"cost": 425,
		"requiredTech": "Robotics",
		"uniques": ["Never appears as a Barbarian unit", "[-10]% Strength <vs [Infantry] units>"],
		"attackSound": "artillery"
	},

	//recon
	{
		"name": "Scout",
		"unitType": "Recon",
		"movement": 2,
		"strength": 5,
		"cost": 25,
		"uniques": ["May upgrade to [Spearman] through ruins-like effects", "Never appears as a Barbarian unit"],
		"upgradesTo": "Explorer",
		"obsoleteTech": "Compass",
		"attackSound": "nonmetalhit"
	},
	{
		"name": "Explorer",
		"unitType": "Recon",
		"movement": 2,
		"strength": 13,
		"cost": 70,
		"uniques": ["Can see over obstacles", "[+1] Sight <for [Embarked] units>", "[+1] Sight <when [Embarked]>", "[+1] Movement <when [Embarked]>", "Never appears as a Barbarian unit"],
		"requiredTech": "Compass",
		"upgradesTo": "Ranger",
		"obsoleteTech": "Rifling",
		"attackSound": "metalhit"
	},
	{
		"name": "Ranger",
		"unitType": "Recon",
		"movement": 2,
		"strength": 20,
		"rangedStrength": 25,
		"range": 1,
		"cost": 185,
		"uniques": ["Can see over obstacles", "[+1] Sight <for [Embarked] units>", "[+1] Sight <when [Embarked]>", "[+1] Movement <when [Embarked]>", "Can move after attacking", "Never appears as a Barbarian unit"],
		"requiredTech": "Rifling",
		"upgradesTo": "Spec Ops",
		"obsoleteTech": "Radar",
		"attackSound": "shot"
	},
	{
		"name": "Spec Ops",
		"unitType": "Recon",
		"movement": 2,
		"strength": 50,
		"rangedStrength": 60,
		"range": 1,
		"cost": 300,
		"uniques": ["Can see over obstacles", "[+1] Sight <for [Embarked] units>", "[+1] Sight <when [Embarked]>", "[+1] Movement <when [Embarked]>", "May Paradrop up to [5] tiles from inside friendly territory", "Can move after attacking", "Never appears as a Barbarian unit"],
		"requiredTech": "Radar",
		"attackSound": "machinegun"
	},

	//militia
	{
		"name": "Levies",
		"unitType": "Militia",
		"movement": 3,
		"strength": 5,
		"cost": 15,
		"uniques": ["May upgrade to [Spearman] through ruins-like effects", "Never appears as a Barbarian unit", "[+100]% Strength <vs [Barbarian] units> <when fighting in [Friendly Land] tiles>", "[-50]% Strength <when fighting in [Foreign Land] tiles>", "[-75]% maintenance costs", "[-2] Movement <in [Foreign Land] tiles>"],
		"upgradesTo": "Citizen Militia",
		"obsoleteTech": "Mathematics",
		"attackSound": "nonmetalhit"
	},
	{
		"name": "Citizen Militia",
		"unitType": "Militia",
		"movement": 3,
		"strength": 8,
		"cost": 20,
		"uniques": ["May upgrade to [Heavy Infantry] through ruins-like effects", "Never appears as a Barbarian unit", "[+100]% Strength <vs [Barbarian] units> <when fighting in [Friendly Land] tiles>", "[-50]% Strength <when fighting in [Foreign Land] tiles>", "[-75]% maintenance costs", "[-2] Movement <in [Foreign Land] tiles>"],
		"upgradesTo": "Armed Peasants",
		"requiredTech": "Mathematics",
		"obsoleteTech": "Civil Service",
		"attackSound": "nonmetalhit"
	},
	{
		"name": "Armed Peasants",
		"unitType": "Militia",
		"movement": 3,
		"strength": 12,
		"cost": 30,
		"uniques": ["May upgrade to [Pikeman] through ruins-like effects", "Never appears as a Barbarian unit", "[+100]% Strength <vs [Barbarian] units> <when fighting in [Friendly Land] tiles>", "[-50]% Strength <when fighting in [Foreign Land] tiles>", "[-75]% maintenance costs", "[-2] Movement <in [Foreign Land] tiles>"],
		"upgradesTo": "Militiaman",
		"requiredTech": "Civil Service",
		"obsoleteTech": "Printing Press",
		"attackSound": "metalhit"
	},
	{
		"name": "Militiaman",
		"unitType": "Militia",
		"movement": 3,
		"strength": 15,
		"cost": 40,
		"uniques": ["May upgrade to [Musketman] through ruins-like effects", "Never appears as a Barbarian unit", "[+100]% Strength <vs [Barbarian] units> <when fighting in [Friendly Land] tiles>", "[-50]% Strength <when fighting in [Foreign Land] tiles>", "[-75]% maintenance costs", "[-2] Movement <in [Foreign Land] tiles>"],
		"upgradesTo": "Volunteers",
		"requiredTech": "Printing Press",
		"obsoleteTech": "Industrialization",
		"attackSound": "shot"
	},
	{
		"name": "Minuteman",
		"unitType": "Militia",
		"replaces": "Militiaman",
		"uniqueTo": "America",
		"movement": 3,
		"strength": 18,
		"cost": 20,
		"requiredTech": "Printing Press",
		"upgradesTo": "Volunteers",
		"obsoleteTech": "Industrialization",
		"uniques": ["Ignores terrain cost", "May upgrade to [Musketman] through ruins-like effects", "[+100]% Strength <vs [Barbarian] units> <when fighting in [Friendly Land] tiles>", "[-50]% Strength <when fighting in [Foreign Land] tiles>", "[-75]% maintenance costs", "[-2] Movement <in [Foreign Land] tiles>", "Can move immediately once bought"],
		"promotions": ["[Minuteman] ability"],
		"attackSound": "shot"
	},
	{
		"name": "Volunteers",
		"unitType": "Militia",
		"movement": 3,
		"strength": 20,
		"cost": 50,
		"uniques": ["May upgrade to [Rifleman] through ruins-like effects", "Never appears as a Barbarian unit", "[+100]% Strength <vs [Barbarian] units> <when fighting in [Friendly Land] tiles>", "[-50]% Strength <when fighting in [Foreign Land] tiles>", "[-75]% maintenance costs", "[-2] Movement <in [Foreign Land] tiles>"],
		"upgradesTo": "Draftee",
		"requiredTech": "Industrialization",
		"obsoleteTech": "Radio",
		"attackSound": "shot"
	},
	{
		"name": "Draftee",
		"unitType": "Militia",
		"movement": 3,
		"strength": 35,
		"cost": 70,
		"uniques": ["May upgrade to [Great War Infantry] through ruins-like effects", "Never appears as a Barbarian unit", "[+100]% Strength <vs [Barbarian] units> <when fighting in [Friendly Land] tiles>", "[-50]% Strength <when fighting in [Foreign Land] tiles>", "[-75]% maintenance costs", "[-2] Movement <in [Foreign Land] tiles>"],
		"upgradesTo": "Conscripts",
		"requiredTech": "Radio",
		"obsoleteTech": "Pharmaceuticals",
		"attackSound": "shot"
	},
	{
		"name": "Conscripts",
		"unitType": "Militia",
		"movement": 3,
		"strength": 45,
		"cost": 100,
		"uniques": ["May upgrade to [Infantry] through ruins-like effects", "Never appears as a Barbarian unit", "[+100]% Strength <vs [Barbarian] units> <when fighting in [Friendly Land] tiles>", "[-25]% Strength <when fighting in [Foreign Land] tiles>", "[-75]% maintenance costs", "[-1] Movement <in [Foreign Land] tiles>"],
		"upgradesTo": "Irregulars",
		"requiredTech": "Pharmaceuticals",
		"obsoleteTech": "Telecommunications",
		"attackSound": "shot"
	},
	{
		"name": "Irregulars",
		"unitType": "Militia",
		"movement": 3,
		"strength": 55,
		"cost": 100,
		"uniques": ["May upgrade to [Modern Infantry] through ruins-like effects", "Never appears as a Barbarian unit", "[+100]% Strength <vs [Barbarian] units> <when fighting in [Friendly Land] tiles>", "[-25]% Strength <when fighting in [Foreign Land] tiles>", "[-75]% maintenance costs", "[-1] Movement <in [Foreign Land] tiles>"],
		"requiredTech": "Telecommunications",
		"attackSound": "shot"
	},

	//amphibious
	{
		"name": "Naval Infantry",
		"unitType": "Gunpowder",
		"movement": 2,
		"strength": 45,
		"cost": 225,
		"requiredTech": "Replaceable Parts",
		"obsoleteTech": "Pharmaceuticals",
		"promotions": ["Amphibious"],
		"uniques": ["Defense bonus when embarked", "[+1] Movement <when [Embarked]>"],
		"upgradesTo": "Marine",
		"attackSound": "shot"
	},
	{
		"name": "Marine",
		"unitType": "Gunpowder",
		"movement": 2,
		"strength": 65,
		"cost": 400,
		"requiredTech": "Pharmaceuticals",
		"upgradesTo": "Modern Marine",
		"obsoleteTech": "Mobile Tactics",
		"promotions": ["Amphibious"],
		"uniques": ["[+1] Sight <for [Embarked] units>", "[+1] Sight <when [Embarked]>", "[+2] Movement <when [Embarked]>", "Defense bonus when embarked"],
		"attackSound": "shot"
	},
	{
		"name": "Modern Marine",
		"unitType": "Gunpowder",
		"movement": 2,
		"strength": 70,
		"cost": 450,
		"requiredTech": "Mobile Tactics",
		"promotions": ["Amphibious"],
		"uniques": ["[+1] Sight <for [Embarked] units>", "[+1] Sight <when [Embarked]>", "[+2] Movement <when [Embarked]>", "Defense bonus when embarked"],
		"attackSound": "machinegun"
	},

	//siegeA
	{
		"name": "Siege Ram",
		"unitType": "Sword", 
		"movement": 2,
		"strength": 14,
		"cost": 75,
		"requiredTech": "Construction",
		"obsoleteTech": "Chemistry",
		"upgradesTo": "Medieval Siege Tower",
		"uniques": ["[+100]% Strength <vs cities> <when attacking>", "No defensive terrain bonus", "[-50]% Strength <when defending>",
		"Can only attack [City] units", "Never appears as a Barbarian unit", "[-1] Sight"],
		"attackSound": "throw"
	},
	{
		"name": "Battering Ram",
		"unitType": "Sword",
		"uniqueTo": "The Huns",
		"replaces": "Siege Ram",
		"movement": 2,
		"strength": 10,
		"cost": 75,
		"requiredTech": "Bronze Working",
		"obsoleteTech": "Physics",
		"upgradesTo": "Medieval Siege Tower",
		"uniques": ["[+300]% Strength <vs cities> <when attacking>", "No defensive terrain bonus", "[-33]% Strength <when defending>", "Can only attack [City] units", "[-1] Sight"],
		"promotions":  ["Cover I"],
		"attackSound": "throw"
	},
	{
		"name": "Medieval Siege Tower",
		"unitType": "Sword", 
		"movement": 2,
		"strength": 20,
		"cost": 120,
		"requiredTech": "Physics",
		"obsoleteTech": "Chemistry",
		"upgradesTo": "Grenadier",
		"uniques": ["[+100]% Strength <vs cities>", "No defensive terrain bonus", "Can only attack [City] units", "Never appears as a Barbarian unit"],
		"attackSound": "throw"
	},
	{
		"name": "Grenadier",
		"unitType": "Gunpowder",
		"movement": 2,
		"strength": 25,
		"cost": 200,
		"requiredTech": "Gunpowder",
		"upgradesTo": "Demolition Sapper",
		"obsoleteTech": "Military Science",
		"uniques": ["[+100]% Strength <vs cities>", "Never appears as a Barbarian unit"],
		"attackSound": "cannon"
	},
	{
		"name": "Demolition Sapper",
		"unitType": "Gunpowder",
		"movement": 2,
		"strength": 30,
		"cost": 225,
		"requiredTech": "Military Science",
		"obsoleteTech": "Replaceable Parts",
		"upgradesTo": "Flamethrower",
		"uniques": ["[+100]% Strength <vs cities>", "Never appears as a Barbarian unit"],
		"attackSound": "cannon"
	},
	{
		"name": "Flamethrower",
		"unitType": "Gunpowder",
		"movement": 2,
		"strength": 45,
		"cost": 225,
		"requiredTech": "Replaceable Parts",
		"obsoleteTech": "Pharmaceuticals",
		"upgradesTo": "Commando",
		"uniques": ["[+100]% Strength <vs cities>", "Never appears as a Barbarian unit"],
		"attackSound": "shot"
	},
	{
		"name": "Commando",
		"unitType": "Gunpowder",
		"movement": 2,
		"strength": 65,
		"cost": 400,
		"requiredTech": "Pharmaceuticals",
		"obsoleteTech": "Telecommunications",
		"upgradesTo": "Modern Commando",
		"uniques": ["[+100]% Strength <vs cities>", "All tiles cost 1 movement", "Never appears as a Barbarian unit"],
		"attackSound": "shot"
	},
	{
		"name": "Modern Commando",
		"unitType": "Gunpowder",
		"movement": 2,
		"strength": 70,
		"cost": 425,
		"requiredTech": "Telecommunications",
		"uniques": ["[+100]% Strength <vs cities>", "All tiles cost 1 movement", "May Paradrop up to [7] tiles from inside friendly territory", "Never appears as a Barbarian unit"],
		"attackSound": "shot"
	},

	//siegeB
	{
		"name": "Catapult",
		"unitType": "Siege",
		"movement": 2,
		"strength": 7,
		"rangedStrength": 8,
		"cost": 75,
		"requiredTech": "Mathematics",
		"obsoleteTech": "Physics",
		"upgradesTo": "Trebuchet",
		"uniques": ["[+200]% Strength <vs cities> <when attacking>", "No defensive terrain bonus",
			"Must set up to ranged attack", "Never appears as a Barbarian unit"],
		"hurryCostModifier": 20,
		"attackSound": "throw"
	},
	{
		"name": "Ballista",
		"unitType": "Siege",
		"replaces": "Catapult",
		"uniqueTo": "Rome",
		"movement": 2,
		"strength": 8,
		"rangedStrength": 10,
		"cost": 75,
		"requiredTech": "Mathematics",
		"obsoleteTech": "Physics",
		"upgradesTo": "Trebuchet",
		"uniques": ["[+200]% Strength <vs cities> <when attacking>", "No defensive terrain bonus",
			"Must set up to ranged attack"],
		"hurryCostModifier": 20,
		"attackSound": "throw"
	},
	{
		"name": "Trebuchet",
		"unitType": "Siege",
		"movement": 2,
		"strength": 12,
		"rangedStrength": 14,
		"cost": 120,
		"requiredTech": "Physics",
		"obsoleteTech": "Chemistry",
		"upgradesTo": "Bombard Cannon",
		"uniques": ["[+200]% Strength <vs cities> <when attacking>","No defensive terrain bonus","Must set up to ranged attack","Never appears as a Barbarian unit"],
		"attackSound": "throw"
	},
	{
		"name": "Hwach'a",
		"unitType": "Siege",
		"replaces": "Trebuchet",
		"uniqueTo": "Korea",
		"movement": 2,
		"strength": 11,
		"rangedStrength": 26,
		"cost": 120,
		"requiredTech": "Physics",
		"obsoleteTech": "Chemistry",
		"upgradesTo": "Bombard Cannon",
		"uniques": ["No defensive terrain bonus","Must set up to ranged attack"],
		"attackSound": "throw"
	},
	{
		"name": "Bombard Cannon",
		"unitType": "Siege",
		"movement": 2,
		"strength": 14,
		"rangedStrength": 20,
		"cost": 185,
		"requiredTech": "Chemistry",
		"upgradesTo": "Artillery",
		"obsoleteTech": "Dynamite",
		"uniques": ["[+200]% Strength <vs cities> <when attacking>","No defensive terrain bonus","Must set up to ranged attack","Never appears as a Barbarian unit"],
		"attackSound": "cannon"
	},
	{
		"name": "Great Bombard",
		"unitType": "Siege",
		"uniqueTo": "The Ottomans",
		"replaces": "Bombard Cannon",
		"movement": 2,
		"strength": 14,
		"rangedStrength": 25,
		"cost": 220,
		"requiredTech": "Chemistry",
		"upgradesTo": "Artillery",
		"obsoleteTech": "Dynamite",
		"uniques": ["[+200]% Strength <vs cities> <when attacking>","No defensive terrain bonus","Must set up to ranged attack","Never appears as a Barbarian unit"],
		"attackSound": "cannon"
	},
	{
		"name": "Artillery",
		"unitType": "Siege",
		"movement": 2,
		"strength": 21,
		"rangedStrength": 28,
		"range": 3,
		"cost": 320,
		"requiredTech": "Dynamite",
		"upgradesTo": "Heavy Howitzer",
		"obsoleteTech": "Ballistics",
		"uniques": ["[+200]% Strength <vs cities> <when attacking>","No defensive terrain bonus",
			"Must set up to ranged attack", "Never appears as a Barbarian unit"],
		"promotions": ["Indirect Fire"],
		"attackSound": "artillery"
	},
	{
		"name": "Heavy Howitzer",
		"unitType": "Siege",
		"movement": 2,
		"strength": 33,
		"rangedStrength": 40,
		"range": 3,
		"cost": 375,
		"requiredTech": "Ballistics",
		"upgradesTo": "Rocket Artillery",
		"uniques": ["[+200]% Strength <vs cities> <when attacking>","No defensive terrain bonus",
			"Must set up to ranged attack", "Never appears as a Barbarian unit"],
		"promotions": ["Indirect Fire"],
		"attackSound": "artillery"
	},
	{
		"name": "Rocket Artillery",
		"unitType": "Siege",
		"movement": 2,
		"strength": 45,
		"rangedStrength": 60,
		"range": 3,
		"cost": 425,
		"requiredTech": "Rocketry",
		"requiredResource": "Aluminum",
		"uniques": ["[+200]% Strength <vs cities> <when attacking>","No defensive terrain bonus", "Never appears as a Barbarian unit"],
		"promotions": ["Indirect Fire"],
		"attackSound": "artillery"
	},
	{
		"name": "Missile Artillery",
		"unitType": "Siege",
		"movement": 2,
		"strength": 55,
		"rangedStrength": 70,
		"range": 3,
		"cost": 475,
		"requiredTech": "Telecommunications",
		"requiredResource": "Aluminum",
		"uniques": ["[+200]% Strength <vs cities> <when attacking>","No defensive terrain bonus", "Must set up to ranged attack", "Can carry [1] [Ballistic] units", "Never appears as a Barbarian unit"],
		"promotions": ["Indirect Fire"],
		"attackSound": "missile"
	},

	//AA
	{
		"name": "Anti-Aircraft Gun",
		"unitType": "Anti Air",
		"movement": 2,
		"interceptRange": 1,
		"strength": 50,
		"cost": 375,
		"requiredTech": "Ballistics",
		"upgradesTo": "Mobile SAM",
		"obsoleteTech": "Rocketry",
		"uniques": ["[60]% chance to intercept air attacks"],
		"attackSound": "machinegun"
	},
	{
		"name": "Mobile SAM",
		"unitType": "Anti Air",
		"movement": 3,
		"interceptRange": 2,
		"strength": 65,
		"cost": 425,
		"requiredTech": "Rocketry",
		"uniques": ["[80]% chance to intercept air attacks", "Never appears as a Barbarian unit"],
		"attackSound": "missile"
	},

	//missile def
	{
		"name": "Theatre Defense System",
		"unitType": "Missile Defense",
		"movement": 3,
		"interceptRange": 4,
		"strength": 65,
		"cost": 425,
		"requiredTech": "Advanced Ballistics",
		"uniques": ["[70]% chance to intercept air attacks", "No defensive terrain bonus", "Never appears as a Barbarian unit", "Only intercepts missiles", "Consumes [2] [Aluminum]"],
		"attackSound": "missile"
	},

	//paratroops
	{
		"name": "Paratrooper",
		"unitType": "Gunpowder",
		"movement": 2,
		"strength": 65,
		"cost": 375,
		"requiredTech": "Radar",
		"uniques": ["May Paradrop up to [5] tiles from inside friendly territory", "Never appears as a Barbarian unit"],
		"attackSound": "shot",
		"upgradesTo": "Modern Paratrooper"
	},
	{
		"name": "Modern Paratrooper",
		"unitType": "Gunpowder",
		"movement": 2,
		"strength": 70,
		"cost": 450,
		"requiredTech": "Mobile Tactics",
		"uniques": ["May Paradrop up to [10] tiles from inside friendly territory", "All tiles cost 1 movement", "Never appears as a Barbarian unit"],
		"attackSound": "shot",
	},

	//light cav
	{
		"name": "Horseman",
		"unitType": "Mounted",
		"movement": 4,
		"strength": 12,
		"cost": 75,
		"requiredTech": "Horseback Riding",
		"requiredResource": "Horses",
		"upgradesTo": "Courser",
		"obsoleteTech": "Chivalry",
		"uniques": ["Can move after attacking","No defensive terrain bonus","[-33]% Strength <vs cities> <when attacking>" ],
		"hurryCostModifier": 20,
		"attackSound": "horse"
	},
	{
		"name": "Companion Cavalry",
		"unitType": "Mounted",
		"uniqueTo": "Greece",
		"replaces": "Horseman",
		"movement": 5,
		"strength": 14,
		"cost": 75,
		"requiredTech": "Horseback Riding",
		"upgradesTo": "Courser",
		"obsoleteTech": "Chivalry",
		"promotions": ["Great Generals I"],
		"requiredResource": "Horses",
		"uniques": ["Can move after attacking", "No defensive terrain bonus", "[-33]% Strength <vs cities> <when attacking>"],
		"hurryCostModifier": 20,
		"attackSound": "horse"
	},
	{
		"name": "Courser",
		"unitType": "Mounted",
		"movement": 5,
		"strength": 18,
		"cost": 120,
		"requiredTech": "Chivalry",
		"obsoleteTech": "Gunpowder",
		"upgradesTo": "Dragoon",
		"requiredResource": "Horses",
		"uniques": ["Can move after attacking","No defensive terrain bonus","[-33]% Strength <vs cities> <when attacking>"],
		"attackSound": "horse"
	},
	{
		"name": "Dragoon",
		"unitType": "Mounted",
		"movement": 5,
		"strength": 25,
		"cost": 185,
		"requiredTech": "Gunpowder",
		"obsoleteTech": "Military Science",
		"requiredResource": "Horses",
		"upgradesTo": "Cavalry",
		"uniques": ["Can move after attacking","No defensive terrain bonus","[-33]% Strength <vs cities> <when attacking>"],
		"attackSound": "horse"
	},
	{
		"name": "Hussar",
		"unitType": "Mounted",
		"replaces": "Dragoon",
		"uniqueTo": "Austria",
		"movement": 5,
		"strength": 25,
		"cost": 185,
		"requiredTech": "Gunpowder",
		"obsoleteTech": "Military Science",
		"requiredResource": "Horses",
		"upgradesTo": "Cavalry",
		"uniques": ["Can move after attacking","No defensive terrain bonus","[-33]% Strength <vs cities> <when attacking>",
			"[+1] Sight"],
		"promotions": ["[Hussar] ability"],
		"attackSound": "horse"
	},
	{
		"name": "Cavalry",
		"unitType": "Mounted",
		"movement": 5,
		"strength": 34,
		"cost": 225,
		"requiredTech": "Military Science",
		"requiredResource": "Horses",
		"upgradesTo": "Armored Car",
		"uniques": ["Can move after attacking","No defensive terrain bonus","[-33]% Strength <vs cities> <when attacking>", "Never appears as a Barbarian unit"],
		"attackSound": "horse"
	},
	{
		"name": "Cossack",
		"unitType": "Mounted",
		"replaces": "Cavalry",
		"uniqueTo": "Russia",
		"movement": 5,
		"strength": 34,
		"cost": 225,
		"requiredTech": "Military Science",
		"requiredResource": "Horses",
		"upgradesTo": "Armored Car",
		"uniques": ["Can move after attacking","No defensive terrain bonus","[-33]% Strength <vs cities> <when attacking>"],
		"promotions": ["[Cossack] ability"],
		"attackSound": "horse"
	},
	{
		"name": "Armored Car",
		"unitType": "Armored",
		"movement": 4,
		"strength": 50,
		"cost": 375,
		"requiredTech": "Railroads",
		"requiredResource": "Oil",
		"upgradesTo": "Armored Infantry",
		"obsoleteTech": "Combined Arms",
                "uniques": ["Can move after attacking", "No defensive terrain bonus", "Never appears as a Barbarian unit"],
		"attackSound": "Machine Gun"
	},
	{
		"name": "Armored Infantry",
		"unitType": "Armored",
		"movement": 4,
		"strength": 70,
		"cost": 450,
		"requiredTech": "Combined Arms",
		"uniques": ["Can move after attacking", "Never appears as a Barbarian unit"],
		"requiredResource": "Oil",
		"upgradesTo": "Mechanized Infantry",
		"obsoleteTech": "Mobile Tactics",
		"attackSound": "tankshot"
	},
	{
		"name": "Mechanized Infantry",
		"unitType": "Armored",
		"movement": 4,
		"strength": 90,
		"cost": 475,
		"requiredTech": "Mobile Tactics",
		"requiredResource": "Oil",
		"uniques": ["Can move after attacking", "Never appears as a Barbarian unit"],
		"attackSound": "tankshot"
	},
	{
		"name": "Technical",
		"unitType": "Gunpowder",
		"uniqueTo": "Barbarians",
		"movement": 4,
		"strength": 40,
		"range": 1,
		"rangedStrength": 50,
		"cost": 400,
		"requiredTech": "Mobile Tactics",
		"uniques": ["Can move after attacking", "Heals [15] damage if it kills a Unit", "No defensive terrain bonus"],
		"attackSound": "Machine Gun"
	},

	//heavy cav
	{
		"name": "Heavy Chariot",
		"unitType": "Mounted",
		"movement": 4,
		"strength": 11,
		"cost": 60,
		"requiredTech": "The Wheel",
		"requiredResource": "Horses",
		"upgradesTo": "Armored Horseman",
		"obsoleteTech": "Chivalry",
		"uniques": ["No defensive terrain bonus", "Rough terrain penalty", "Never appears as a Barbarian unit","[+10]% Strength <when attacking>", "[-33]% Strength <vs cities> <when attacking>"],
		"attackSound": "nonmetalhit"
	},
	{
		"name": "Armored Horseman",
		"unitType": "Mounted",
		"movement": 4,
		"strength": 14,
		"cost": 90,
		"requiredTech": "Horseback Riding",
		"upgradesTo": "Knight",
		"requiredResource": "Iron",
		"obsoleteTech": "Steel",
		"uniques": ["Can move after attacking", "No defensive terrain bonus", "[-33]% Strength <vs cities> <when attacking>", "Never appears as a Barbarian unit","[+10]% Strength <when attacking>"],
		"hurryCostModifier": 20,
		"attackSound": "horse"
	},
	{
		"name": "African Forest Elephant",
		"unitType": "Mounted",
		"uniqueTo": "Carthage",
		"movement": 3,
		"strength": 14,
		"cost": 100,
		"requiredTech": "Horseback Riding",
		"upgradesTo": "Knight",
		"obsoleteTech": "Steel",
		"promotions": ["Great Generals II"],
		"uniques": ["Can move after attacking", "No defensive terrain bonus",
			"[-10]% Strength for enemy [Military] units in adjacent [All] tiles","[+10]% Strength <when attacking>"],
		"hurryCostModifier": 20,
		"attackSound": "elephant"
	},
	{
		"name": "Cataphract",
		"unitType": "Mounted",
		"uniqueTo": "Byzantium",
		"replaces": "Armored Horseman",
		"movement": 3,
		"strength": 15,
		"cost": 90,
		"requiredTech": "Horseback Riding",
		"upgradesTo": "Knight",
		"obsoleteTech": "Steel",
		"requiredResource": "Iron",
		"uniques": ["Can move after attacking", "[-25]% Strength <vs cities> <when attacking>","[+10]% Strength <when attacking>"],
		"hurryCostModifier": 20,
		"attackSound": "horse"
	},
	{
		"name": "Knight",
		"unitType": "Mounted",
		"movement": 4,
		"strength": 24,
		"cost": 150,
		"requiredTech": "Steel",
		"obsoleteTech": "Metallurgy",
		"upgradesTo": "Cuirasser",
		"requiredResource": "Iron",
		"uniques": ["Can move after attacking","No defensive terrain bonus","[-33]% Strength <vs cities> <when attacking>", "Never appears as a Barbarian unit","[+10]% Strength <when attacking>"],
		"attackSound": "horse"
	},
	{
		"name": "Conquistador",
		"unitType": "Mounted",
		"replaces": "Knight",
		"uniqueTo": "Spain",
		"movement": 4,
		"strength": 25,
		"cost": 165,
		"requiredTech": "Chivalry",
		"requiredResource": "Horses",
		"upgradesTo": "Cuirasser",
		"obsoleteTech": "Metallurgy",
		"uniques": ["Can move after attacking","No defensive terrain bonus", "Founds a new city <on foreign continents>", "[+2] Sight","[+10]% Strength <when attacking>"],
		"promotions": ["[Conquistador] ability"],
		"attackSound": "horse"
		//Conquistador should have no penalty attacking cities
		//Ability to found new cities can only be used on a foreign continent that does not contain the Spanish capital.
	},
	{
		"name": "Naresuan's Elephant",
		"unitType": "Mounted",
		"replaces": "Knight",
		"uniqueTo": "Siam",
		"movement": 3,
		"strength": 28,
		"cost": 150,
		"requiredTech": "Chivalry",
		"obsoleteTech": "Metallurgy",
		"upgradesTo": "Cuirasser",
		"uniques": ["Can move after attacking","No defensive terrain bonus","[+50]% Strength <vs [Mounted] units>","[+10]% Strength <when attacking>", "[-33]% Strength <vs cities> <when attacking>"],
		"attackSound": "elephant"
	},
	{
		"name": "Cuirasser",
		"unitType": "Mounted",
		"movement": 4,
		"strength": 25,
		"cost": 200,
		"requiredTech": "Metallurgy",
		"obsoleteTech": "Combustion",
		"upgradesTo": "Landship",
		"requiredResource": "Iron",
		"uniques": ["Can move after attacking","No defensive terrain bonus","[-33]% Strength <vs cities> <when attacking>", "Never appears as a Barbarian unit","[+10]% Strength <when attacking>"],
		"attackSound": "horse"
	},
	{
		"name": "Hakkapeliitta",
		"unitType": "Mounted",
		"replaces": "Cuirasser",
		"uniqueTo": "Sweden",
		"movement": 4,
		"strength": 25,
		"cost": 200,
		"requiredTech": "Metallurgy",
		"uniques": ["Can move after attacking","No defensive terrain bonus","[-33]% Strength <vs cities> <when attacking>","[+10]% Strength <when attacking>"],
		"requiredResource": "Iron",
		"promotions": ["[Hakkapeliitta] ability"],
		"upgradesTo": "Landship",
		"obsoleteTech": "Combustion",
		"attackSound": "horse"
	},
	{
		"name": "Landship",
		"unitType": "Armored",
		"movement": 4,
		"strength": 60,
		"cost": 400,
		"requiredTech": "Combustion",
		"upgradesTo": "Tank",
		"obsoleteTech": "Combined Arms",
		"requiredResource": "Oil",
		"uniques": ["Can move after attacking","No defensive terrain bonus", "Never appears as a Barbarian unit"],
		"attackSound": "tankshot"
	},
	{
		"name": "Tank",
		"unitType": "Armored",
		"movement": 5,
		"strength": 70,
		"cost": 400,
		"requiredTech": "Combined Arms",
		"upgradesTo": "Modern Armor",
		"uniques": ["Never appears as a Barbarian unit","No defensive terrain bonus", "Can move after attacking"],
		"requiredResource": "Oil",
		"attackSound": "tankshot"
	},
	{
		"name": "Panzer",
		"unitType": "Armored",
		"uniqueTo": "Germany",
		"replaces": "Tank",
		"movement": 6,
		"strength": 80,
		"cost": 400,
		"requiredTech": "Combined Arms",
		"upgradesTo": "Modern Armor",
		"requiredResource": "Oil",
		"uniques": ["Can move after attacking","No defensive terrain bonus"],
		"attackSound": "tankshot"
		//German unique unit, stronger than Tank
	},
	{
		"name": "Red Army Tank",
		"unitType": "Armored",
		"uniqueTo": "Russia",
		"replaces": "Tank",
		"movement": 5,
		"strength": 70,
		"cost": 250,
		"requiredTech": "Combined Arms",
		"upgradesTo": "Modern Armor",
		"requiredResource": "Oil",
		"uniques": ["Can move after attacking","No defensive terrain bonus"],
		"attackSound": "tankshot"
	},
	{
		"name": "Modern Armor",
		"unitType": "Armored",
		"movement": 5,
		"strength": 100,
		"cost": 475,
		"requiredTech": "Lasers",
		"upgradesTo": "Giant Death Robot",
		"requiredResource": "Aluminum",
		"uniques": ["Can move after attacking", "No defensive terrain bonus", "Never appears as a Barbarian unit"],
		"attackSound": "tankshot"
	},
	{
		"name": "Giant Death Robot",
		"unitType": "Armored",
		"movement": 5,
		"strength": 150,
		"cost": 550,
		"requiredTech": "Nuclear Fusion",
		"requiredResource": "Uranium",
		"uniques": ["Can move after attacking", "No defensive terrain bonus", "Never appears as a Barbarian unit"],
		"attackSound": "gdrAttack"
	},

	//ranged cav
	{
		"name": "Chariot Archer",
		"unitType": "Mounted Ranged",
		"movement": 4,
		"strength": 6,
		"rangedStrength": 10,
		"cost": 56,
		"requiredTech": "The Wheel",
		"requiredResource": "Horses",
		"upgradesTo": "Bow Rider",
		"obsoleteTech": "Chivalry",
		"uniques": ["No defensive terrain bonus", "Rough terrain penalty", "Never appears as a Barbarian unit", "[-10]% Strength <vs [Infantry] units>"],
		"attackSound": "arrow"
	},
	{
		"name": "War Chariot",
		"unitType": "Mounted Ranged",
		"uniqueTo": "Egypt",
		"replaces": "Chariot Archer",
		"movement": 5,
		"strength": 6,
		"rangedStrength": 10,
		"cost": 56,
		"requiredTech": "The Wheel",
		"upgradesTo": "Bow Rider",
		"obsoleteTech": "Chivalry",
		"uniques": ["No defensive terrain bonus", "Rough terrain penalty", "[-10]% Strength <vs [Infantry] units>"],
		"attackSound": "arrow"
	},
	{
		"name": "War Elephant",
		"unitType": "Mounted Ranged",
		"uniqueTo": "India",
		"replaces": "Chariot Archer",
		"movement": 3,
		"strength": 11,
		"rangedStrength": 11,
		"cost": 70,
		"requiredTech": "Trapping",
		"upgradesTo": "Bow Rider",
		"obsoleteTech": "Chivalry",
		"uniques": ["No defensive terrain bonus", "[-10]% Strength <vs [Infantry] units>"],
		"attackSound": "elephant"
	},
	{
		"name": "Horse Archer",
		"unitType": "Mounted Ranged",
		"uniqueTo": "The Huns",
		"replaces": "Chariot Archer",
		"movement": 4,
		"strength": 7,
		"rangedStrength": 10,
		"range": 2,
		"cost": 56,
		"requiredTech": "The Wheel",
		"upgradesTo": "Bow Rider",
		"obsoleteTech": "Chivalry",
		"uniques": ["No defensive terrain bonus", "[-10]% Strength <vs [Infantry] units>"],
		"promotions": ["Accuracy I"],
		"attackSound": "arrow"
	},
	{
		"name": "Bow Rider",
		"unitType": "Mounted Ranged",
		"movement": 5,
		"strength": 8,
		"rangedStrength": 12,
		"cost": 90,
		"requiredTech": "Horseback Riding",
		"upgradesTo": "Heavy Horse Archer",
		"obsoleteTech": "Chivalry",
		"requiredResource": "Horses",
		"uniques": ["No defensive terrain bonus", "Never appears as a Barbarian unit", "[-10]% Strength <vs [Infantry] units>"],
		"attackSound": "arrow"
	},
	{
		"name": "Heavy Horse Archer",
		"unitType": "Mounted Ranged",
		"movement": 5,
		"strength": 13,
		"rangedStrength": 17,
		"cost": 145,
		"requiredTech": "Chivalry",
		"obsoleteTech": "Metallurgy",
		"upgradesTo": "Horse Artillery",
		"requiredResource": "Horses",
		"uniques": ["No defensive terrain bonus","[-33]% Strength <vs cities> <when attacking>", "Never appears as a Barbarian unit", "[-10]% Strength <vs [Infantry] units>"],
		"attackSound": "horse"
	},
	{
		"name": "Camel Archer",
		"unitType": "Mounted Ranged",
		"replaces": "Heavy Horse Archer",
		"uniqueTo": "Arabia",
		"movement": 4,
		"strength": 15,
		"rangedStrength": 21,
		"cost": 145,
		"requiredTech": "Chivalry",
		"requiredResource": "Horses",
		"upgradesTo": "Horse Artillery",
		"obsoleteTech": "Metallurgy",
		"uniques": ["No defensive terrain bonus", "[-10]% Strength <vs [Infantry] units>"],
		"attackSound": "arrow"
		//Camel Archer should have no penalty attacking cities
	},
	{
		"name": "Keshik",
		"unitType": "Mounted Ranged",
		"replaces": "Heavy Horse Archer",
		"uniqueTo": "Mongolia",
		"range": 2,
		"movement": 5,
		"strength": 13,
		"rangedStrength": 20,
		"cost": 145,
		"requiredTech": "Chivalry",
		"requiredResource": "Horses",
		"upgradesTo": "Horse Artillery",
		"obsoleteTech": "Metallurgy",
		"uniques": ["Can move after attacking","No defensive terrain bonus", "[-10]% Strength <vs [Infantry] units>"],
		"promotions": ["Great Generals I", "Quick Study"],
		"attackSound": "arrow"
		// Keshik should have no penalty attacking cities
	},
	{
		"name": "Horse Artillery",
		"unitType": "Mounted Ranged",
		"movement": 4,
		"strength": 19,
		"rangedStrength": 22,
		"range": 2,
		"cost": 200,
		"requiredTech": "Metallurgy",
		"obsoleteTech": "Ballistics",
		"requiredResource": "Horses",
		"upgradesTo": "Self Propelled Gun",
		"uniques": ["No defensive terrain bonus","[-20]% Strength <vs cities> <when attacking>", "Never appears as a Barbarian unit", "[-10]% Strength <vs [Infantry] units>"],
		"attackSound": "cannon"
	},
	{
		"name": "Self Propelled Gun",
		"unitType": "Ranged Gunpowder",
		"movement": 4,
		"strength": 38,
		"rangedStrength": 60,
		"cost": 400,
		"requiredTech": "Ballistics",
		"upgradesTo": "Modern SPG",
		"requiredResource": "Oil",
		"uniques": ["No defensive terrain bonus", "Never appears as a Barbarian unit", "[-10]% Strength <vs [Infantry] units>"],
		"attackSound": "artilllery"
	},
	{
		"name": "Modern SPG",
		"unitType": "Ranged Gunpowder",
		"movement": 5,
		"strength": 60,
		"rangedStrength": 85,
		"cost": 425,
		"requiredTech": "Mobile Tactics",
		"requiredResource": "Oil",
		"uniques": ["No defensive terrain bonus", "Never appears as a Barbarian unit", "[-10]% Strength <vs [Infantry] units>"],
		"attackSound": "artilllery"
	},

	//counter cav
	{
		"name": "Medieval Lancer",
		"unitType": "Mounted",
		"movement": 5,
		"strength": 16,
		"cost": 135,
		"requiredTech": "Chivalry",
		"obsoleteTech": "Metallurgy",
		"upgradesTo": "Lancer",
		"requiredResource": "Horses",
		"uniques": ["No defensive terrain bonus","[-33]% Strength <vs cities> <when attacking>", "Never appears as a Barbarian unit", "[+35]% Strength <vs [Mounted] units>"],
		"attackSound": "horse"
	},
	{
		"name": "Mandekalu Cavalry",
		"unitType": "Mounted",
		"replaces": "Medieval Lancer",
		"uniqueTo": "Songhai",
		"movement": 4,
		"strength": 20,
		"cost": 110,
		"requiredTech": "Chivalry",
		"requiredResource": "Horses",
		"upgradesTo": "Lancer",
		"obsoleteTech": "Metallurgy",
		"uniques": ["Can move after attacking","No defensive terrain bonus", "[+40]% Strength <vs [Mounted] units>"],
		"attackSound": "horse"
	},
	{
		"name": "Lancer",
		"unitType": "Mounted",
		"movement": 4,
		"strength": 22,
		"cost": 185,
		"requiredTech": "Metallurgy",
		"requiredResource": "Horses",
		"uniques": ["No defensive terrain bonus","[-33]% Strength <vs cities> <when attacking>","Never appears as a Barbarian unit", "[+50]% Strength <vs [Mounted] units>"],
		"upgradesTo": "Tank Destroyer",
		"obsoleteTech": "Combined Arms",
		"attackSound": "horse"
	},
	{
		"name": "Sipahi",
		"unitType": "Mounted",
		"replaces": "Lancer",
		"uniqueTo": "The Ottomans",
		"movement": 5,
		"strength": 25,
		"cost": 185,
		"requiredTech": "Metallurgy",
		"requiredResource": "Horses",
		"uniques": ["No defensive terrain bonus","[-33]% Strength <vs cities> <when attacking>",
			"[+1] Sight", "[+50]% Strength <vs [Mounted] units>"],
		"promotions": ["[Sipahi] ability"],
		"upgradesTo": "Tank Destroyer",
		"obsoleteTech": "Combined Arms",
		"attackSound": "horse"
	},
	{
		"name": "Tank Destroyer",
		"unitType": "Armored",
		"movement": 5,
		"strength": 60,
		"cost": 375,
		"requiredTech": "Combined Arms",
		"upgradesTo": "Modern Tank Destroyer",
		"requiredResource": "Oil",
		"uniques": ["No defensive terrain bonus", "Never appears as a Barbarian unit", "[+50]% Strength <vs [Armored] units>"],
		"attackSound": "tankshot"
	},
	{
		"name": "Modern Tank Destroyer",
		"unitType": "Armored",
		"movement": 5,
		"strength": 75,
		"cost": 375,
		"requiredTech": "Mobile Tactics",
		"requiredResource": "Oil",
		"uniques": ["No defensive terrain bonus", "Never appears as a Barbarian unit", "[+60]% Strength <vs [Armored] units>"],
		"attackSound": "tankshot"
	},

	//air superiority
	{
		"name": "Triplane",
		"unitType": "Fighter",
		"movement": 1,
		"strength": 35,
		"rangedStrength": 35,
		"range": 5,
		"interceptRange": 5,
		"cost": 325,
		"requiredTech": "Flight",
		"requiredResource": "Oil",
		"upgradesTo": "Fighter",
		"obsoleteTech": "Radar",
		"uniques": ["[40]% chance to intercept air attacks", "[+100]% Strength <vs [Bomber] units>", "[+100]% Strength <vs [Helicopter] units>"],
		"attackSound": "machinegun"
	},
	{
		"name": "Fighter",
		"unitType": "Fighter",
		"movement": 1,
		"strength": 45,
		"rangedStrength": 45,
		"range": 8,
		"interceptRange": 8,
		"cost": 375,
		"requiredTech": "Radar",
		"requiredResource": "Oil",
		"upgradesTo": "Jet Fighter",
		"obsoleteTech": "Lasers",
		"uniques": ["[65]% chance to intercept air attacks", "[+100]% Strength <vs [Bomber] units>", "[+150]% Strength <vs [Atomic Bomber] units>", "[+150]% Strength <vs [Helicopter] units>"],
		"attackSound": "machinegun"
	},
	{
		"name": "Zero",
		"unitType": "Fighter",
		"replaces": "Fighter",
		"uniqueTo": "Japan",
		"movement": 1,
		"strength": 45,
		"rangedStrength": 45,
		"range": 8,
		"interceptRange": 8,
		"cost": 375,
		"requiredTech": "Radar",
		"upgradesTo": "Jet Fighter",
		"obsoleteTech": "Lasers",
		"uniques": ["[70]% chance to intercept air attacks", "[+150]% Strength <vs [Air Bomber] units>","[+150]% Strength <vs [Atomic Bomber] units>","[+150]% Strength <vs [Helicopter] units>"],
		"promotions": ["[Zero] ability"],
		"attackSound": "machinegun"
	},
	{
		"name": "Jet Fighter",
		"unitType": "Fighter",
		"movement": 1,
		"strength": 75,
		"rangedStrength": 75,
		"range": 10,
		"interceptRange": 10,
		"cost": 425,
		"requiredTech": "Lasers",
		"requiredResource": "Aluminum",
		"uniques": ["[80]% chance to intercept air attacks", "[+150]% Strength <vs [Bomber] units>","[+150]% Strength <vs [Atomic Bomber] units>","[+150]% Strength <vs [Helicopter] units>"],
		"attackSound": "jetgun"
	},

	//boomer
	{
		"name": "Great War Bomber",
		"unitType": "Bomber",
		"movement": 1,
		"strength": 50,
		"rangedStrength": 50,
		"range": 6,
		"cost": 325,
		"requiredTech": "Flight",
		"requiredResource": "Oil",
		"upgradesTo": "Bomber",
		"obsoleteTech": "Radar",
		"attackSound": "bombing"
	},
	{
		"name": "Bomber",
		"unitType": "Bomber",
		"movement": 1,
		"strength": 65,
		"rangedStrength": 65,
		"range": 10,
		"cost": 375,
		"requiredTech": "Radar",
		"upgradesTo": "Jet Bomber",
		"obsoleteTech": "Lasers",
		"requiredResource": "Oil",
		"attackSound": "bombing"
	},
	{
		"name": "B17",
		"unitType": "Bomber",
		"replaces": "Bomber",
		"uniqueTo": "America",
		"movement": 1,
		"strength": 70,
		"rangedStrength": 70,
		"range": 10,
		"cost": 375,
		"requiredTech": "Radar",
		"requiredResource": "Oil",
		"promotions": ["[B17] ability"],
		"upgradesTo": "Jet Bomber",
		"obsoleteTech": "Lasers",
		"requiredResource": "Oil",
		"attackSound": "bombing"
	},
	{
		"name": "Jet Bomber",
		"unitType": "Bomber",
		"movement": 1,
		"strength": 85,
		"rangedStrength": 85,
		"range": 20,
		"cost": 425,
		"requiredTech": "Lasers",
		"upgradesTo": "Stealth Bomber",
		"requiredResource": "Oil",
		"attackSound": "bombing"
	},
	{
		"name": "Stealth Bomber",
		"unitType": "Bomber",
		"movement": 2,
		"strength": 85,
		"rangedStrength": 85,
		"range": 20,
		"cost": 425,
		"requiredTech": "Stealth",
		"uniques": ["Damage taken from interception reduced by [100]%", "Cannot be carried by [Naval Carrier] units", "[+4] Sight", "Can see over obstacles", "Consumes [1] [Oil]", "Consumes [1] [Aluminum]"],
		"attackSound": "bombing"
	},

	//heli
	{
		"name": "Zeppelin",
		"unitType": "Helicopter",
		"movement": 3,
		"strength": 50,
		"rangedStrength": 50,
		"range": 1,
		"cost": 425,
		"requiredTech": "Flight",
		"requiredResource": "Aluminum",
		"uniques": ["[+30]% Strength <vs [Armored] units>", "No defensive terrain bonus", "Can move after attacking",
			"All tiles cost 1 movement", "Ignores Zone of Control", "Unable to capture cities", "Never appears as a Barbarian unit"],
		"upgradesTo": "Helicopter Gunship",
		"obsoleteTech": "Computers",
		"attackSound": "bombing"
	},
	{
		"name": "Helicopter Gunship",
		"unitType": "Helicopter",
		"movement": 6,
		"strength": 65,
		"cost": 425,
		"requiredTech": "Computers",
		"requiredResource": "Aluminum",
		"uniques": ["[+30]% Strength <vs [Armored] units>","No defensive terrain bonus", "Can move after attacking",
			"All tiles cost 1 movement", "Ignores Zone of Control", "Unable to capture cities", "Never appears as a Barbarian unit"],
		"attackSound": "machinegun"
	},

	//missiles
	{
		"name": "Guided Missile",
		"unitType": "Missile",
		"movement": 1,
		"strength": 60,
		"rangedStrength": 60,
		"range": 8,
		"cost": 150,
		"requiredTech": "Advanced Ballistics",
		"uniques": ["[-100]% maintenance costs", "Ballistic"],
		"attackSound": "missile"
	},

	//nukes
	{
		"name": "Atomic Bomb",
		"unitType": "Atomic Bomber",
		"movement": 1,
		"strength": 70,
		"rangedStrength": 70,
		"range": 10,
		"cost": 600,
		"requiredTech": "Nuclear Fission",
		"requiredResource": "Uranium",
		"uniques": ["Nuclear weapon of Strength [1]", "Only available <if [Manhattan Project] is constructed>", "Self-destructs when attacking",
			"Blast radius [1]", "Damage taken from interception reduced by [10]%"],
		"attackSound": "nuke"
		// Plane rather than a missile - can be based in city or Carrier only.
		// Can be intercepted, but must die for it not to take effect.
	},
	{
		"name": "Nuclear Missile",
		"unitType": "Nuke Missile",
		"movement": 1,
		"strength": 300,
		"rangedStrength": 300,
		"range": 12,
		"cost": 1000,
		"requiredTech": "Advanced Ballistics",
		"uniques": ["Nuclear weapon of Strength [2]", "Only available <if [Manhattan Project] is constructed>",
			"Blast radius [2]", "Consumes [2] [Uranium]", "Ballistic"],
		"attackSound": "nuke"
	},

	//navy melee
	{
		"name": "Trireme",
		"unitType": "Melee Water",
		"movement": 4,
		"strength": 10,
		"cost": 45,
		"requiredTech": "Sailing",
		"uniques": ["Cannot enter ocean tiles", "Never appears as a Barbarian unit"],
		"upgradesTo": "Cog",
		"obsoleteTech": "Compass",
		"attackSound": "nonmetalhit"
	},
	{
		"name": "Greek Trireme",
		"unitType": "Melee Water",
		"uniqueTo": "Greece",
		"replaces": "Trireme",
		"movement": 4,
		"strength": 10,
		"cost": 45,
		"requiredTech": "Sailing",
		"uniques": ["Cannot enter ocean tiles", "Never appears as a Barbarian unit"],
		"upgradesTo": "Cog",
		"promotions": ["Boarding Party I"],
		"obsoleteTech": "Compass",
		"attackSound": "nonmetalhit"
	},
	{
		"name": "Longship",
		"unitType": "Melee Water",
		"uniqueTo": "Denmark",
		"replaces": "Galley",
		"movement": 5,
		"strength": 10,
		"cost": 45,
		"requiredTech": "Sailing",
		"uniques": ["Cannot enter ocean tiles", "Heals [10] damage if it kills a Unit"],
		"upgradesTo": "Cog",
		"promotions": ["Coastal Raider I", "Landing Party"],
		"obsoleteTech": "Astronomy",
		"attackSound": "nonmetalhit"
	},
	{
		"name": "Galley",
		"unitType": "Melee Water",
		"uniqueTo": "Barbarians",
		"movement": 3,
		"strength": 7,
		"cost": 40,
		"uniques": ["Cannot enter ocean tiles"],
		"upgradesTo": "Trireme",
		"obsoleteTech": "Astronomy",
		"attackSound": "nonmetalhit"
		//Barbarian unique naval unit
	},
	{
		"name": "Cog",
		"unitType": "Melee Water",
		"movement": 4,
		"strength": 15,
		"cost": 100,
		"requiredTech": "Compass",
		"obsoleteTech": "Astronomy",
		"upgradesTo": "Caravel",
		"uniques": ["Cannot enter ocean tiles"],
		"attackSound": "metalhit"
	},
	{
		"name": "Caravel",
		"unitType": "Melee Water",
		"movement": 4,
		"strength": 20,
		"cost": 120,
		"requiredTech": "Astronomy",
		"upgradesTo": "Ironclad",
		"obsoleteTech": "Combustion",
		"uniques": ["[+1] Sight", "May withdraw before melee ([80]%)", "Can see invisible [Water] units"],
		"hurryCostModifier": 30,
		"attackSound": "cannon"
	},
	{
		"name": "Turtle Ship",
		"unitType": "Melee Water",
		"uniqueTo": "Korea",
		"movement": 4,
		"strength": 36,
		"cost": 120,
		"requiredTech": "Astronomy",
		"upgradesTo": "Ironclad",
		"obsoleteTech": "Combustion",
		"uniques": ["Cannot enter ocean tiles"],
		"hurryCostModifier": 30,
		"attackSound": "cannon"
	},
	{
		"name": "Ironclad",
		"unitType": "Melee Water",
		"movement": 3,
		"strength": 40,
		"cost": 250,
		"requiredTech": "Steam Power",
		"requiredResource": "Iron",
		"upgradesTo": "Destroyer",
		"obsoleteTech": "Combustion",
		"uniques": ["Double movement in [Coast]", "Never appears as a Barbarian unit", "Can see invisible [Water] units"],
		"attackSound": "shipguns"
	},
	{
		"name": "Destroyer",
		"unitType": "Melee Water",
		"movement": 6,
		"strength": 55,
		"interceptRange": 1,
		"cost": 375,
		"requiredTech": "Combustion",
		"upgradesTo": "Missile Frigate",
		"uniques": ["Can see invisible [Water] units", "[60]% chance to intercept air attacks",
			"May withdraw before melee ([70]%)", "[+100]% Strength <vs [Submarine] units>"],
		"attackSound": "shipguns"
	},
	{
		"name": "Missile Frigate",
		"unitType": "Melee Water",
		"movement": 7,
		"strength": 70,
		"range": 3,
		"interceptRange": 1,
		"cost": 425,
		"requiredTech": "Robotics",
		"uniques": ["[80]% chance to intercept air attacks", "Can see invisible [Water] units", "[+100]% Strength <vs [Submarine] units>", "Never appears as a Barbarian unit"],
		"attackSound": "missile"
	},

	//navy ranged
	{
		"name": "Great Galley",
		"unitType": "Ranged Water",
		"movement": 4,
		"strength": 11,
		"rangedStrength": 13,
		"cost": 75,
		"requiredTech": "Optics",
		"uniques": ["Cannot enter ocean tiles", "Never appears as a Barbarian unit"],
		"upgradesTo": "Galleass",
		"obsoleteTech": "Astronomy",
		"attackSound": "nonmetalhit"
	},
	{
		"name": "Quinquereme",
		"unitType": "Ranged Water",
		"uniqueTo": "Carthage",
		"replaces": "Great Galley",
		"movement": 4,
		"strength": 13,
		"rangedStrength": 15,
		"cost": 75,
		"requiredTech": "Optics",
		"uniques": ["Cannot enter ocean tiles"],
		"upgradesTo": "Galleass",
		"obsoleteTech": "Astronomy",
		"attackSound": "nonmetalhit"
	},
	{
		"name": "Dromon",
		"unitType": "Ranged Water",
		"uniqueTo": "Byzantium",
		"replaces": "Great Galley",
		"movement": 4,
		"strength": 11,
		"rangedStrength": 13,
		"range": 1,
		"cost": 75,
		"requiredTech": "Sailing",
		"uniques": ["Cannot enter ocean tiles", "[+50]% Strength <vs [Water] units>"],
		"upgradesTo": "Galleass",
		"obsoleteTech": "Astronomy",
		"attackSound": "arrow"
	},
	{
		"name": "Galleass",
		"unitType": "Ranged Water",
		"movement": 3,
		"strength": 16,
		"rangedStrength": 17,
		"cost": 100,
		"requiredTech": "Compass",
		"obsoleteTech": "Navigation",
		"upgradesTo": "Frigate",
		"uniques": ["Cannot enter ocean tiles"],
		"attackSound": "arrow"
	},
	{
		"name": "Frigate",
		"unitType": "Ranged Water",
		"movement": 5,
		"strength": 25,
		"rangedStrength": 28,
		"cost": 185,
		"requiredTech": "Navigation",
		"obsoleteTech": "Combustion",
		"upgradesTo": "Armored Cruiser",
		"hurryCostModifier": 20,
		"attackSound": "cannon"
	},
	{
		"name": "Armored Cruiser",
		"unitType": "Ranged Water",
		"movement": 3,
		"strength": 40,
		"rangedStrength": 45,
		"cost": 250,
		"requiredTech": "Steam Power",
		"requiredResource": "Coal",
		"upgradesTo": "Light Cruiser",
		"obsoleteTech": "Combustion",
		"uniques": ["Double movement in [Coast]", "Never appears as a Barbarian unit"],
		"attackSound": "shipguns"
	},
	{
		"name": "Light Cruiser",
		"unitType": "Ranged Water",
		"movement": 5,
		"strength": 50,
		"rangedStrength": 55,
		"cost": 375,
		"requiredTech": "Combustion",
		"uniques": ["Never appears as a Barbarian unit"],
		"upgradesTo": "Missile Cruiser",
		"attackSound": "shipguns"
	},
	{
		"name": "Missile Cruiser",
		"unitType": "Ranged Water",
		"movement": 7,
		"strength": 75,
		"rangedStrength": 90,
		"range": 3,
		"interceptRange": 2,
		"cost": 425,
		"requiredTech": "Advanced Ballistics",
		"uniques": ["[80]% chance to intercept air attacks", "Can see invisible [Water] units",
			"Can carry [3] [Ballistic] units", "Never appears as a Barbarian unit"],
		"promotions": ["Indirect Fire"],
		"attackSound": "missile"
	},
	{
		"name": "Aegis Cruiser",
		"unitType": "Ranged Water",
		"uniqueTo": "America",
		"replaces": "Missile Cruiser",
		"movement": 7,
		"strength": 75,
		"rangedStrength": 100,
		"range": 3,
		"interceptRange": 2,
		"cost": 425,
		"requiredTech": "Advanced Ballistics",
		"uniques": ["[100]% chance to intercept air attacks", "Can see invisible [Submarine] units", "Can see invisible [Melee Water] units",
			"Can carry [3] [Ballistic] units","Never appears as a Barbarian unit"],
		"promotions": ["Indirect Fire"],
		"attackSound": "missile"
	},

	//siege ships
	{
		"name": "Carrack",
		"unitType": "Ranged Water",
		"movement": 3,
		"strength": 18,
		"rangedStrength": 20,
		"cost": 120,
		"requiredTech": "Compass",
		"obsoleteTech": "Navigation",
		"requiredResource": "Iron",
		"upgradesTo": "Man O War",
		"uniques": ["Never appears as a Barbarian unit","[+50]% Strength <vs cities>"],
		"attackSound": "throw"
	},
	{
		"name": "Man O War",
		"unitType": "Ranged Water",
		"movement": 5,
		"strength": 28,
		"rangedStrength": 30,
		"cost": 210,
		"requiredResource": "Iron",
		"uniques": ["Never appears as a Barbarian unit","[+50]% Strength <vs cities>"],
		"requiredTech": "Navigation",
		"obsoleteTech": "Combustion",
		"upgradesTo": "Monitor",
		"hurryCostModifier": 20,
		"attackSound": "cannon"
	},
	{
		"name": "Treasure Ship",
		"unitType": "Ranged Water",
		"uniqueTo": "China",
		"replaces": "Man O War",
		"movement": 4,
		"strength": 32,
		"rangedStrength": 32,
		"cost": 210,
		"requiredResource": "Iron",
		"uniques": ["Never appears as a Barbarian unit", "Can undertake a trade mission with City-State, giving a large sum of gold and [10] Influence","[+40]% Strength <vs cities>"],
		"requiredTech": "Navigation",
		"obsoleteTech": "Combustion",
		"upgradesTo": "Monitor",
		"hurryCostModifier": 20,
		"attackSound": "cannon"
	},
	{
		"name": "Ship of the Line",
		"unitType": "Ranged Water",
		"replaces": "Man O War",
		"uniqueTo": "England",
		"movement": 6,
		"strength": 30,
		"rangedStrength": 35,
		"cost": 210,
		"requiredResource": "Iron",
		"uniques": ["[+1] Sight","[+50]% Strength <vs cities>"],
		"requiredTech": "Navigation",
		"obsoleteTech": "Combustion",
		"upgradesTo": "Monitor",
		"hurryCostModifier": 20,
		"attackSound": "cannon"
	},
	{
		"name": "Monitor",
		"unitType": "Ranged Water",
		"movement": 3,
		"strength": 35,
		"rangedStrength": 40,
		"range": 3,
		"cost": 250,
		"requiredTech": "Steam Power",
		"requiredResource": "Coal",
		"upgradesTo": "Battleship",
		"obsoleteTech": "Electronics",
		"promotions": ["Indirect Fire"],
		"uniques": ["Double movement in [Coast]", "Never appears as a Barbarian unit","[+50]% Strength <vs cities>"],
		"attackSound": "shipguns"
	},
	{
		"name": "Battleship",
		"unitType": "Ranged Water",
		"movement": 5,
		"strength": 55,
		"rangedStrength": 65,
		"range": 3,
		"cost": 375,
		"requiredResource": "Oil",
		"requiredTech": "Electronics",
		"uniques": ["Never appears as a Barbarian unit", "[+50]% Strength <vs cities>"],
		"promotions": ["Indirect Fire"],
		"obsoleteTech": "Advanced Ballistics",
		"upgradesTo": "Arsenal Ship",
		"attackSound": "shipguns"
	},
	{
		"name": "Arsenal Ship",
		"unitType": "Ranged Water",
		"movement": 7,
		"strength": 80,
		"rangedStrength": 100,
		"range": 3,
		"cost": 500,
		"requiredTech": "Advanced Ballistics",
		"requiredResource": "Aluminum",
		"uniques": ["Can carry [6] [Ballistic] units", "Never appears as a Barbarian unit", "[+50]% Strength <vs cities>"],
		"promotions": ["Indirect Fire"],
		"attackSound": "missile"
	},

	//navy raiders
	{
		"name": "Privateer",
		"unitType": "Melee Water",
		"movement": 5,
		"strength": 25,
		"cost": 150,
		"requiredTech": "Navigation",
		"upgradesTo": "Commerce Raider",
		"obsoleteTech": "Steam Power",
		"promotions": ["Coastal Raider I"],
		"uniques": ["May capture killed [Water] units", "Invisible to non-adjacent units", "Can see invisible [Melee Water] units"],
		"attackSound": "cannon"
	},
	{
		"name": "Sea Beggar",
		"unitType": "Melee Water",
		"replaces": "Privateer",
		"uniqueTo": "The Netherlands",
		"movement": 5,
		"strength": 25,
		"cost": 150,
		"requiredTech": "Navigation",
		"upgradesTo": "Commerce Raider",
		"obsoleteTech": "Steam Power",
		"promotions": ["Coastal Raider I", "Coastal Raider II", "Supply"],
		"uniques": ["May capture killed [Water] units", "Invisible to non-adjacent units", "Can see invisible [Melee Water] units"],
		"attackSound": "cannon"
	},
	{
		"name": "Commerce Raider",
		"unitType": "Melee Water",
		"movement": 4,
		"strength": 34,
		"cost": 250,
		"requiredTech": "Steam Power",
		"upgradesTo": "Submarine",
		"obsoleteTech": "Refrigeration",
		"promotions": ["Coastal Raider I", "Supply"],
		"uniques": ["May capture killed [Water] units", "Invisible to non-adjacent units", "Can see invisible [Melee Water] units"],
		"attackSound": "shipguns"
	},
	{
		"name": "Modern Pirate",
		"unitType": "Melee Water",
		"uniqueTo": "Barbarians",
		"movement": 7,
		"strength": 50,
		"cost": 375,
		"requiredTech": "Combustion",
		"promotions": ["Coastal Raider I"],
		"uniques": ["May capture killed [Water] units", "Invisible to non-adjacent units", "Can see invisible [Melee Water] units"],
		"attackSound": "shipguns"
	},

	//subs
	{
		"name": "Submarine",
		"unitType": "Submarine",
		"movement": 5,
		"strength": 35,
		"rangedStrength": 60,
		"cost": 325,
		"requiredTech": "Refrigeration",
		"upgradesTo": "Nuclear Submarine",
		"uniques": ["[+75]% Strength <when attacking>", "Can only attack [Water] tiles", "Never appears as a Barbarian unit"],
		"attackSound": "torpedo"
	},
	{
		"name": "Nuclear Submarine",
		"unitType": "Submarine",
		"movement": 6,
		"strength": 50,
		"range": 3,
		"rangedStrength": 85,
		"cost": 425,
		"requiredTech": "Telecommunications",
		"uniques": ["[+75]% Strength <when attacking>", "Can only attack [Water] tiles", "[+1] Sight", "Can carry [2] [Ballistic] units", "Never appears as a Barbarian unit"],
		"attackSound": "torpedo"
	},

	//navy carriers
	{
		"name": "Carrier",
		"unitType": "Aircraft Carrier",
		"movement": 5,
		"strength": 40,
		"cost": 375,
		"requiredTech": "Electronics",
		"upgradesTo": "Nuclear Carrier",
		"uniques": ["Cannot attack", "Can carry [2] [Aircraft] units", "Never appears as a Barbarian unit"]
	},
	{
		"name": "Nuclear Carrier",
		"unitType": "Aircraft Carrier",
		"movement": 5,
		"strength": 60,
		"interceptRange": 1,
		"cost": 500,
		"requiredTech": "Nuclear Fission",
		"requiredResource": "Uranium",
		"uniques": ["Cannot attack", "Can carry [3] [Aircraft] units", "Can carry [2] [Ballistic] units", "[70]% chance to intercept air attacks", "Never appears as a Barbarian unit"]
	},
  {
    "name": "Ninja",
    "unitType": "Scout",
    "uniqueTo": "Shinobi",            // ← 新文明「忍び」専用
    "replaces": "Scout",

    "movement": 4,
    "strength": 20,
    "cost": 45,

    "promotions": ["Ignore terrain cost"],

    "uniques": [
      "May enter foreign tiles",      // 国境無視
      " [+2] Sight",                  // 視界+1
      "Never appears as a Barbarian unit"
    ],

    "attackSound": "nonmetalhit"

    // アップグレード禁止： "upgradesTo" は書かない
    // 時代遅れ化させたい場合だけ:
    // "obsoleteTech": "Scientific Theory"
  },
  {
    "name": "Genpei Musha",
    "unitType": "Archery",
    "uniqueTo": "Shinobi",
    "replaces": "Crossbowman",

    "range": 2,                 // Longbowman系の基本射程
    "movement": 2,
    "strength": 18,             // 近接戦防御を厚めに（隣接戦で堅い）
    "rangedStrength": 20,       // Crossbowman(18)より微強化
    "cost": 120,

    "requiredTech": "Machinery",
    "upgradesTo": "Gatling Gun",
    "obsoleteTech": "Industrialization",

    "promotions": ["Extended Range"],  // 実効射程3タイル（長弓兵と同様）
    "uniques": [
      " [+50]% Strength <vs [Mounted] units>", // 対騎馬ボーナス（射撃にも適用される書式）
      "Never appears as a Barbarian unit"
    ],

    "attackSound": "arrow"
  }
]
