[

	{
		"name": "Heal Instantly",
		"uniques": ["Heal this unit by [50] HP", "Doing so will consume this opportunity to choose a Promotion"],
		"unitTypes": ["Sword","Gunpowder","Mounted","Scout","Siege","Archery","Ranged Gunpowder","Armored","Melee Water","Ranged Water","Submarine"]
	},

	//Militia
	{
		"name": "Battlefield Survival I",
		"uniques": ["Unit will heal every turn, even if it performs an action", "[+10] HP when healing", "[+25]% XP gained from combat"],
		"unitTypes": ["Militia"]
	},
	{
		"name": "Defender I",
		"uniques": ["[+20]% Strength <when defending>", "[+25]% XP gained from combat"],
		"unitTypes": ["Militia"]
	},
	{
		"name": "Battlefield Survival II",
		"uniques": ["Heals [20] damage if it kills a Unit", "[+20]% Strength <when attacking>"],
		"prerequisites": ["Battlefield Survival I", "Defender I"],
		"unitTypes": ["Militia"]
	},
	{
		"name": "Defender II",
		"uniques": ["All adjacent units heal [10] extra HP when healing", "[+30]% Strength <when defending>"],
		"prerequisites": ["Battlefield Survival I", "Defender I"],
		"unitTypes": ["Militia"]
	},
	{
		"name": "Special Promotion",
		"uniques": ["This Unit upgrades for free including special upgrades"],
		"prerequisites": ["Battlefield Survival II", "Defender II"],
		"unitTypes": ["Militia"]
	},

	//Anti Air
	{
		"name": "Defense Crew",
		"uniques": ["[+20]% Strength <when defending>"],
		"unitTypes": ["Anti Air"]
	},
	{
		"name": "Anti Air Barrage",
		"uniques": ["[+50]% Strength <vs [Air Helicopter] units>", "[+50]% Damage when intercepting"],
		"unitTypes": ["Anti Air"]
	},
	{
		"name": "Ground Fire Support",
		"uniques": ["[+25]% Strength <vs [Land] units>"],
		"prerequisites": ["Defense Crew"],
		"unitTypes": ["Anti Air"]
	},
	{
		"name": "Proximity Air Defense",
		"uniques": ["[+50]% Strength <vs [Air Helicopter] units>", "[+50]% Strength <vs [Air] units> <when defending>"],
		"prerequisites": ["Anti Air Barrage"],
		"unitTypes": ["Anti Air"]
	},
	{
		"name": "Mobile Battery",
		"uniques": ["[+1] Movement"],
		"prerequisites": ["Ground Fire Support"],
		"unitTypes": ["Anti Air"]
	},
	{
		"name": "Continuous AA Protection",
		"uniques": ["[1] extra interceptions may be made per turn"],
		"prerequisites": ["Proximity Air Defense"],
		"unitTypes": ["Anti Air"]
	},
	{
		"name": "Early Warning System",
		"uniques": ["[+1] Sight", "[+1] Range"],
		"prerequisites": ["Continuous AA Protection", "Mobile Battery"],
		"unitTypes": ["Anti Air"]
	},

	//Air Atomic Bomber
	{
		"name": "Nuclear Strike Reserve",
		"uniques": ["[-50]% maintenance costs"],
		"unitTypes": ["Atomic Bomber", "Nuke Missile"]
	},
	{
		"name": "Strategic Nuclear Bomber",
		"uniques": ["[+5] Range"],
		"unitTypes": ["Atomic Bomber"]
	},
	{
		"name": "Advanced Nuclear Bomber",
		"prerequisites": ["Strategic Nuclear Bomber"],
		"uniques": ["Damage taken from interception reduced by [20]%"],
		"unitTypes": ["Atomic Bomber"]
	},

	//Air Missile
	{
		"name": "Multistage Thrusters",
		"uniques": ["[+5] Range"],
		"unitTypes": ["Missile", "Nuke Missile"]
	},
	{
		"name": "Heavy Payload",
		"uniques": ["[+50]% Strength"],
		"unitTypes": ["Missile"]
	},
	{
		"name": "Penetration Bomb",
		"uniques": ["[+100]% Strength <vs cities>"],
		"unitTypes": ["Missile"]
	},
	{
		"name": "AA Buster",
		"uniques": ["[+100]% Strength <vs [Anti Air] units>"],
		"unitTypes": ["Missile"]
	},




	// Uniques that should be kept on upgrades
	{
		"name": "Morale", // Heroic Epic
		"uniques": ["[+15]% Strength"]
	},
	{
		"name": "Great Generals I", // only for Companion Cavalry, Keshik and their subsequent upgrades
		"uniques": ["[Great General] is earned [50]% faster"]
	},
	{
		"name": "Great Generals II", // only for Samurai and subsequent upgrades
		"uniques": ["[Great General] is earned [100]% faster"]
	},
	{
		"name": "Quick Study", // only for Keshik and subsequent upgrades
		"uniques": ["[+50]% XP gained from combat"]
	},
	{
		"name": "Haka War Dance", // only for Maori Warrior and subsequent upgrades
		"uniques": ["[-10]% Strength for enemy [Military] units in adjacent [All] tiles"]
	},
	{
		"name": "Rejuvenation", // only for Units that have been close to Natural Wonder Fountain of Youth
		"uniques": ["All healing effects doubled"]
	},
	{
		"name": "Slinger Withdraw", // only for Slinger and subsequent upgrades
		"uniques": ["May withdraw before melee ([80]%)"]
	},
	{
		"name": "Ignore terrain cost",
		"uniques": ["Ignores terrain cost"]
	},
	{
		"name": "Pictish Courage", // only for Pictish Warrior and subsequent upgrades
		"uniques": ["No movement cost to pillage", "[+20]% Strength <when fighting in [Foreign Land] tiles>"]
	},
	{
		"name": "Home Sweet Home", // only for Mehal Sefari and subsequent upgrades
		"uniques": ["[+30]% Strength decreasing with distance from the capital"]
	},
	{
		"name": "[Mohawk Warrior] ability",
		"uniques": ["[+33]% Strength <when fighting in [Forest] tiles>", "[+33]% Strength <when fighting in [Jungle] tiles>"]
	},
	{
		"name": "[Jaguar] ability",
		"uniques": ["[+33]% Strength <when fighting in [Forest] tiles>", "[+33]% Strength <when fighting in [Jungle] tiles>", "Heals [25] damage if it kills a unit"]
	},
	{
		"name": "[Persian Immortal] ability",
		"uniques": ["[+10] HP when healing"]
	},
	{
		"name": "[Conquistador] ability",
		"uniques": ["Defense bonus when embarked"]
	},
	{
		"name": "[Janissary] ability",
		"uniques": ["Heals [50] damage if it kills a unit", "[+25]% Strength <when attacking>"]
	},
	{
		"name": "[Sipahi] ability",
		"uniques": ["No movement cost to pillage"]
	},
	{
		"name": "[Cossack] ability",
		"uniques": ["[+50]% Strength <vs [Wounded] units>"]
	},
	{
		"name": "[Chu-Ko-Nu] ability",
		"uniques": ["[1] additional attacks per turn"]
	},
	{
		"name": "[Longbowman] ability",
		"uniques": ["[+1] Range"]
	},
	{
		"name": "[Samurai] ability",
		"uniques": ["[+20]% Strength <when fighting in [Open terrain] tiles>"]
	},
	{
		"name": "[Berserker] ability",
		"uniques": ["Eliminates combat penalty for attacking over a river", "Eliminates combat penalty for attacking across a coast"]
	},
	{
		"name": "[Minuteman] ability",
		"uniques": ["[+20]% Strength <when fighting in [Rough terrain] tiles>"]
	},
	{
		"name": "[Hussar] ability",
		"uniques": ["[+50]% to Flank Attack bonuses"]
	},
	{
		"name": "[Norwegian Ski Infantry] ability",
		"uniques": ["[+25]% Strength <when fighting in [Snow] tiles>",
			"[+25]% Strength <when fighting in [Tundra] tiles>",
			"[+25]% Strength <when fighting in [Hill] tiles>",
			"Double movement in [Snow]",
			"Double movement in [Tundra]",
			"Double movement in [Hill]"]
	},
	{
		"name": "[Carolean] ability",
		"uniques": ["Unit will heal every turn, even if it performs an action"]
	},
	{
		"name": "[Hakkapeliitta] ability",
		"uniques": ["Transfer Movement to [Great General]", "[+15]% Strength when stacked with [Great General]"]
	},
	{
		"name": "[B17] ability",
		"uniques": ["Damage taken from interception reduced by [30]%", "[+33]% Strength <vs cities>"]
	},
	{
		"name": "[Zero] ability",
		"uniques": ["[+33]% Strength <vs [Fighter] units>"]
	},
	{
		"name": "UAV",
		"uniques": ["[-50]% maintenance costs", "Damage taken from interception reduced by [50]%", "[+20]% Strength when stacked with [Siege Carrier]"]
	},
	{
		"name": "Drill",
		"uniques": ["[+20]% Strength <in [Rough terrain] tiles>"]
	},
	{
		"name": "Iron Curtain Force Field",
		"uniques": ["[+50]% Strength <when defending>"]
	}
]